-63.31909802931324,-94.7266051005496,85.04966348313317,-98.48742500437157,-17.780879479858697,85.27652134601735,-33.190006866246165,87.59304628677884,-48.034372411940105,-18.52689515743353,-1
63.60295318449863,-7.4930567733704265,-82.60264801771797,-59.81326226818871,26.93425465078829,-82.1420950948854,34.574333719615964,-99.86932184774008,35.92663647902873,-33.676630178433214,-1
84.37484700462338,-19.303426757520597,-29.85763690965797,-57.59103201835467,33.80446746582166,91.02304145834029,93.70746633997845,24.799697105796483,-96.75992053210656,12.918127786692708,-1
-60.06524356832805,-17.036099532466963,72.40853019786269,-43.02541960761543,46.16419299614597,-57.85900722655937,88.88971653886068,94.61535958245966,-20.601567558505167,49.971986257653754,1
-91.36801760988477,46.51441944205007,75.70311226026959,-45.38583800543752,81.89092218744841,57.24113045221159,21.939485030523187,-44.95216379259834,-58.33692199829641,5.009868049076928,-1
81.07012839121273,-63.61437390094578,81.80650413312819,-67.03703685411257,11.728479290085076,51.75525075146504,-46.09762754154547,35.16458502081471,-11.633259039609072,-70.29864367126385,-1
-57.53217786434477,73.21277790008168,-92.11463772629882,-96.35348346472767,-72.15092577648096,2.0864978008464448,-29.408299309528687,63.39478145436735,-61.312931408703484,25.136382452270524,1
78.40931103542266,-59.67453599045109,96.79552959196565,62.79405390120377,-40.55243845827656,-50.67927300439508,-78.93090310373336,-67.44180215875413,-6.763681774488603,48.45844629738943,1
-10.31089560433604,-12.774694172936663,87.3211384589923,44.4141876405474,92.80348142354046,32.60943836068449,13.236138245014175,-20.968940505538995,-2.071184793593474,83.29783022310284,-1
54.44895385933148,2.7978978319621604,-40.738375908801984,17.32169263509482,51.350301137727,-18.97946109448671,41.3259739757419,-37.2249006555059,-35.13412452969639,0.011651838217346722,-1
61.4880310328125,-63.09579612872454,77.74961597379544,-6.958877543256364,60.72070708830702,57.786494355201455,-45.83873439260549,34.552922882493334,-41.32931571179803,71.44618747395822,-1
-16.079987514442024,47.50024962194968,31.74155510017522,59.74283833091491,27.280274036681405,-14.259595802713278,-71.935096361297,68.18174208058144,-82.77357218726394,-37.938303579090494,1
41.248445431299245,-76.44978342197177,-59.629309575410325,-0.3488635473092785,8.281521469517045,90.44435713951893,85.6364196227903,-65.81271951583034,98.50292403239428,52.43491743632893,-1
-11.969501252079738,-74.168116969701,-36.94193243387793,5.032676733412032,-49.8066677319404,53.78455642152821,3.7401988761190097,-87.48703155610968,15.561410050216935,-82.44235258836801,-1
50.67563705178833,80.00372836962103,67.62305792962204,-70.50949465874321,-61.075232659025616,1.7781111182111715,43.020032256739995,20.489888393317557,59.83159422095642,48.32545749037777,1
39.14973779692343,54.182440749164385,-75.95818892587832,60.528661959142084,75.4181162036378,-53.00531900080945,14.521446576404486,61.12976107266837,-5.652032496312188,-51.52926097264754,1
-39.07724616532586,69.9294781354823,-32.02500724638678,-63.77013009306394,-77.18084302241333,48.09522639070383,-13.596214481098798,-48.707387796646806,95.45598651328945,-14.700050551627768,1
4.951286326447573,62.11066615636659,13.5890461105259,79.60610978999739,79.96666913745449,-4.63130633643658,-19.094522885226056,-22.88048149733332,79.1379888533233,79.31493169380204,1
16.673753019431928,-22.140877191604687,31.5690609206072,-23.233409613391203,13.87547223645656,95.7050936778281,19.86042322788755,16.65047846251136,-72.95653725742906,49.721741716366466,-1
78.51179969799554,61.240255958612266,-46.87999148225879,11.556683474004984,-83.30718300212334,68.54238043211097,-50.32474792603996,59.18527742870049,-71.34370825947178,-39.506736507706066,1
4.0136042355621555,34.31463911855991,-95.1198436886924,10.045308431252352,41.56701944595375,-18.491393793513836,-30.69516640945635,-3.092400983997834,12.846363336907203,29.87576404732448,1
-62.69629792002915,-67.86372534808886,1.4935467521672479,86.11904292878324,-74.74705168709946,30.327952095455316,-78.92135637843896,-67.86408305763096,-81.0069449543247,67.77077238081378,1
97.24214889592056,-10.798845408408852,72.66672991436505,-43.56258506135997,-18.483158285236613,74.28280683817087,47.485217154135455,-67.72652832232338,-16.180105416582947,19.462475666142367,-1
-98.60957389376186,-92.66335942188041,-25.462296597537204,-80.66471007065607,76.3855516609288,-1.237191908614264,90.29814203535744,58.51896264182693,-40.83518050069279,29.14500867021073,-1
-54.41296749161167,23.65095430605919,31.048396127804352,-64.93941152846807,96.82206380729957,-24.536389207361424,46.54669495723303,-50.066209451953966,58.43823896033521,89.00481291611376,-1
31.99680920683582,11.352578602785954,87.44569744729023,72.40289645452452,87.66096368969653,-96.1344738164798,7.11076297593452,13.156310968199264,26.47925129310171,-21.375640358584164,1
75.49440270541058,-79.17828360308523,-48.373313459774494,52.2243074086316,-13.802955897340752,-85.76834296531344,-48.08471014499016,-55.91079915091621,13.203684977564194,-63.96827045347615,-1
79.44315159066534,-14.912712276716647,16.43409203525465,0.5132152926884856,81.43900614116598,19.0263349811363,82.75768877465185,4.94712753228643,74.5718843131329,-28.56153320139103,-1
97.13009082212014,-13.668090754064124,23.722275643036866,-82.47145064723229,-79.87250429529334,53.51352570358364,-11.490897037050885,-93.90726273820798,-49.10373367634795,-23.320571788348204,-1
-43.62904504532001,-55.60556761341011,18.590170286985483,13.004398571803222,59.6760681036705,-62.77282044933041,39.78976569747712,-53.7238727246304,1.1393487562747993,64.79953037599566,-1
-79.37522623281347,-58.42274897079454,-66.59161841981003,10.845302826403326,-31.879166683741673,-74.42663975551649,-86.54881720652642,-13.739658731797078,-75.34324414021063,-98.79059136320431,1
-98.16058967667406,97.99204647798905,54.08148356155863,-78.86706314765121,83.61531043983013,61.43110747297652,67.58167497036072,76.97102353920087,-4.301785978562165,-15.561553223864394,1
26.36744243395985,10.409436170396049,6.233905600206398,-10.277873809091489,1.0910235820899885,-55.14130334299099,56.74765021504729,93.1494419639495,-17.842238000077643,-66.75412758966826,1
-92.81154524065158,81.69011226672566,3.54232867694229,79.02354814130729,-44.63713844173884,-51.604573936590924,-84.8600545380425,-79.10909637996973,19.04594654388032,-24.626623930562303,1
92.43450969490837,-42.261252645860026,99.88274515413332,14.374454245437306,24.132095964916815,71.30744474958536,-64.1287979421518,-97.7394926821955,35.09120906728512,-3.479752867695865,-1
-52.08762186660552,7.4213083637095565,67.4026656727344,-39.37432881093428,-65.24768137285125,-26.258565827040954,-50.323278251358495,-20.42685939651456,-99.99385623092351,43.49299812238243,1
-36.20487394124774,-68.76948052676192,74.14998025450228,8.447441098369652,-44.923765148916296,-4.732853339780235,55.60504862893063,-16.163424819575738,-3.341143006734953,28.559014101261823,-1
-85.19106965318193,85.31752503229887,35.92945653861398,28.39430008865321,-9.752131163802375,20.698619208675723,-78.81883911924848,-2.1214925186822597,-44.81546112389063,-58.06194451395983,1
31.522578460068672,87.66809136420756,90.17271245008206,-71.55012626256077,40.737195492159145,79.71212093496786,2.9866699826518897,-31.322659564471152,-38.44581894137018,-30.996632015086774,-1
87.3459977473469,93.89408665507378,52.2055805004056,-65.29509700269827,38.83011470196621,-77.69755753574472,62.82513711823236,60.289155244590745,-34.61179513266495,35.83251366391255,1
62.75900394138972,46.44497728191223,-31.750434474768724,-50.09076003009878,91.20942872238663,24.974819921399785,-93.99479893412143,-69.22001906124527,-98.7071284420579,-31.999122788021566,-1
60.696186076969724,-64.29106758913328,-34.961987155061024,-7.688505116042023,16.439749318822777,88.15690410062157,75.83715452024953,86.86082283349805,11.574735132014638,76.73679353759795,-1
-36.13727248191702,18.058988502961554,-58.83175799264635,-38.879156901957025,37.654847156047424,-53.91666757653002,-17.7616964010828,-92.14611715166954,-84.6483876222524,76.89574551935183,-1
-24.883409472011195,-49.64018821860945,11.929736697382822,-7.704507075053172,-5.501328998697289,96.23850583282317,70.99480391229486,-97.83778327296073,-58.233812901082004,11.10991397712398,-1
7.8684483831301435,49.65193807673168,-74.09701574343916,46.13010204784922,76.48327368146775,-37.33041648297137,-57.118703401367085,-64.97537197392936,42.943766700407195,71.73962424891477,1
14.012234017872998,78.77851661019153,-87.15821258497319,-78.0527602644993,-36.61068244177614,41.5442700535055,-21.628125362394798,-14.00847604403566,-29.05428865395747,-7.853279951665229,1
-51.58894569769992,-74.48393944088724,50.54332791152825,87.39156460621257,-52.02517744881106,-16.699113619224207,29.864464915376345,-59.11032550714539,-97.42050604209491,-66.34428229845744,-1
-37.128803784734664,-64.59790314465064,76.75717699268515,-54.6687195546024,-68.4090354329304,49.729046825240005,82.90973276971178,-62.94592892333526,9.629040545604411,81.85053888739847,-1
26.705942152178935,21.154963871377433,-32.976229148171626,83.87839464288348,-29.525010678069123,-56.85186416470918,-39.7907844331374,-89.95139803540357,9.774560308519952,-7.820332358683629,1
-95.34561285283483,31.784788382030285,2.9634707859380427,1.672109383255986,57.79703198415865,-59.06397818854321,-62.455518861549585,75.86604313569481,67.8293216141505,39.21597231340783,1
10.770856880264162,-89.71483730314993,52.45702695532316,-14.068637452212982,58.101958854977,-97.71640330918527,7.187015770423642,9.973712555241036,-28.43775013288139,-58.80399282460766,-1
12.255439513899248,-30.866543335227362,2.53770220330172,-79.17807012316673,4.665926238948259,4.03397846215023,67.96032133288534,15.862893332387571,85.77190996911312,-37.56205268617412,-1
11.360252491670025,58.80503785405921,-13.938821020107468,60.30742237659791,14.354470409664444,-41.89909886571592,-71.43160703713363,-61.878033385110044,31.620443611298413,73.2071350091513,1
-65.12671419900171,96.47572338172128,7.997075943171097,-39.06417218039184,67.40822504858801,-42.51808070688406,-62.87065901975139,-43.79004996662217,99.11378009813757,77.27607239202834,1
-54.70084496041241,4.902277914050927,-48.03928378716804,61.18508002352422,71.14745178115726,-60.15694502118938,-67.90747714575471,-77.6814000085505,6.37435330100331,-77.48190669416111,-1
-67.83838971650027,36.30054444478586,99.42490003154222,30.04021847963068,82.15403232878305,-41.33827784388706,22.10935100308491,92.6720640892076,-88.59461719927613,29.749422779003623,1
29.094459181433564,-12.173018285956317,93.63868558294433,-26.44812982454208,-84.20616756183428,92.55367005064122,23.260097185144815,50.77361654198259,40.42149082275853,-25.03501513000046,1
-37.80353565686756,26.680170863345154,88.94640445828205,97.55710404297747,7.740359590542852,17.17295769070384,40.22791888349474,-18.639039809655287,-56.25722221869216,38.3311303733083,1
90.08229681531174,-50.719593352178634,-22.288379745930854,-12.629859476964086,17.746304426263976,43.690789464510004,-93.65124692540228,-32.50914420715421,56.042529707126704,46.25011786947502,-1
-60.841773042140716,72.35712420270346,-64.06337822595161,-73.65424530908761,-31.366529365468352,-43.50078680542955,-61.8146829856713,31.63196485951468,-67.32664832031597,19.293415082708748,1
23.00144533983395,-69.66502405344977,-46.201319112980464,-9.124533088007823,54.77593114603127,-70.53939114420594,-59.136723320205945,-76.02178130545758,-76.97076432095977,-3.3535848249129714,-1
2.149460515513141,-49.51261113119585,-48.04924324793476,-9.925812748362972,-14.502062415876964,-22.470238908870584,67.69836676860496,25.4657870181356,-99.77758116076252,2.114081745700716,-1
9.8453329412241,60.570689719602285,-50.57935319797071,-58.86254756088898,81.52220051131098,85.2388136863564,9.683832598712527,-29.836178132996878,16.129045181926813,-43.16314085765425,-1
-45.83354974758515,-77.35239083184895,62.96502274930245,-80.32087005732053,-30.955371439661576,43.66623507440079,-7.152296052155009,-89.44694842807948,56.693912009853534,71.92906907052131,-1
48.15372355084088,13.9779369742633,-85.51062244108823,-35.064814621988006,26.26151061839775,91.5868242113541,-86.19081873708005,-40.01158604459547,-11.593315813775291,98.42712789571655,-1
88.29296175530504,-19.8473878249348,46.62260448305619,96.93394790490163,15.439977346910155,-12.677162046246778,87.81369589005831,-78.82513635737413,-54.64547493607086,-37.25937504856876,-1
-81.74266464277329,-24.061518366546622,73.65425610265171,-70.22238993351107,-9.199675760777026,-39.21149754899454,-91.92983462806006,-34.957760744757735,10.946360656470858,9.335452979462346,1
44.490423052301054,75.44010816262164,-26.29473125524777,77.32084304809334,18.64431402147686,57.03790862968168,-53.15932581473317,-5.807949513053302,-36.8453697501008,-76.17186560079037,1
9.123357863186982,-11.847450612354365,26.31204401850411,9.005383779387671,-2.7999012404794,16.324458597838714,-47.18760306125625,-48.93272524735117,4.68027418440164,-33.04219162186416,-1
-96.90867669422651,-53.55746097063654,52.20479818859977,-16.76920036404769,71.13921876750788,24.48272831319933,40.429219236365896,-98.62440755607014,-17.544054433666886,-53.45433021688963,-1
-25.596382841443372,66.0439729133983,-66.04841898249185,60.01419373983191,-13.894132307558493,54.22456317037731,77.62363778680717,35.487614245658904,29.114436285485596,21.962552309623405,-1
15.656028199234797,-63.68045663971487,-34.70773835120163,31.87078444115653,-71.99518048933646,70.7569843409334,-6.738048771965978,60.19614008067299,10.47322756344687,-16.521043534170417,-1
-37.65778478211781,-77.28848156007419,-53.408105049273246,61.198509955031625,-86.46632761999969,-84.470133065679,-15.454272621213548,-83.45263287636202,-33.943066499583125,-97.22757281742798,-1
-79.70569142679358,-35.52923100505541,36.65907532130103,28.165262938041252,-43.992534089902115,-75.95855417588476,71.75285586989443,47.813395187874505,17.11274575866038,57.012784209286224,1
-44.270707152677716,-0.31156021418854607,73.45884019196046,41.748939548595274,65.64985048744367,-8.460078968141204,-9.13091538646897,99.91154065008772,55.96417680201361,-66.22830732592101,1
-85.7622703079542,-94.92272886793103,-50.55378511936459,46.560308953250114,34.59332447888647,56.073100601376325,62.987945708107844,-91.6169566567485,2.341489422940171,-40.02048140109275,-1
-66.1014506627815,-72.14558546732255,37.11305744579428,95.17475098201075,75.79578005645345,83.49716862639804,-32.55868488684959,-45.673363745126075,-67.61539867355725,72.28913720426485,-1
-83.29985666026624,19.48262043406166,36.64960565792916,-13.196126765224946,-31.51040423305733,86.58497251393442,-89.33040060222046,-53.23743338138718,46.174069155232075,69.00792977932849,1
53.998710619722175,86.42365649672249,-66.50348354818604,43.264677612536445,-56.18623817962845,-85.383687594597,29.663601490419126,6.458375190290894,-71.30610859639599,-67.14263134551814,1
97.37738732010345,-30.348906595339926,-42.55220166918365,-9.646464252554182,-33.956987025700485,85.84561072637078,35.205257610509506,72.44059473163776,69.37744488579057,71.8223515293833,-1
79.21825998469865,-58.13013533265794,91.13029964595069,-87.97153147984295,1.0413547153276426,78.37442896214694,-50.488045944022716,-55.89914731287058,5.094061471178634,52.9301900769747,-1
-78.42171460133912,-91.82627674670422,-29.974948166653974,78.83817493282365,-20.80590546750902,-73.23432740006137,-13.283441473477126,32.33345192583781,-94.42955183578512,-46.16768580167416,1
97.20021276457419,-72.62287398623855,38.52519044523291,-11.960200408901883,-48.13302053658111,2.770892841353543,60.882811935494686,32.34373652879131,-63.821619724220334,24.642074613601395,-1
-39.15155140809246,-24.707326624390078,-63.88493097453329,29.494942830920593,-30.53133474823146,-96.17678111404719,46.53981011805607,-82.97930277604293,77.21722176270328,4.275404294748242,-1
-79.84439972451467,-25.338136744049407,94.27901880832792,63.55706597138902,30.458329718387944,78.81886050665014,-56.25687740041454,-20.94813691376845,-59.54121016835927,-23.575301108005362,-1
-94.69773789167564,-92.69006643038102,80.1403728022517,51.008385749255666,80.49066145716836,-55.829443407398216,39.231229027585044,-29.06675900298343,-55.90247211705015,-70.7957961406075,-1
-25.077477074705754,0.4390020662485199,97.52991274721157,77.38498004185391,18.73215824170768,12.814805766703557,-37.234638355116886,42.950655288789164,65.18646171000324,52.70316873364246,1
-91.84497168904721,-62.686595189738846,-98.72282565663329,-76.72672042290478,35.23551241508679,47.71949162646615,52.88814561510088,-95.00566757659008,-37.01631108222085,34.20259610658195,-1
-26.44337345614936,-28.780654820430755,65.16335011295254,20.11886667212346,30.22951697633482,-5.543639167403654,-11.21610909872443,1.970801910091538,2.8922655479788375,2.222727697900112,1
11.04016231989246,-44.00418126794317,-86.43258817896562,-2.587616236212824,53.212955307060525,-17.27146501627294,-29.2421682527128,-22.53549640493719,15.698501645866017,-97.85694046092821,-1
65.29149322154834,16.60831219393843,47.28040301312811,-92.93772901195219,-37.75650098732128,-16.68683430354156,-34.67215011481781,-49.76614649031974,-28.372056694171107,-38.46418210441029,1
-32.19404179025986,-77.03263505215929,-90.85159323749743,-26.49311554169371,-77.80210615730378,92.69984817751765,-29.11501024138903,-30.98325089735326,23.834547073167343,-11.867023315141296,-1
-76.23641674638561,47.606723285274086,31.77709404653143,57.13032361604638,-19.64423986913515,61.414180773340604,29.72779135376311,-92.12163326143612,9.71768301093769,49.87388732899137,-1
22.370578944475895,18.826143070427023,39.48405344936799,-87.94652194208783,92.67888684271009,38.506486307421596,-42.8483350814588,-54.12684459246553,-17.73920558675374,72.33297693982018,-1
98.10102840013465,44.45338637113184,-52.78990733070721,-80.16438008255682,-25.089422595975734,-33.56179337687908,-35.39453084918122,50.479576460757585,-62.94462993329199,-36.7797376906059,1
61.6240759128834,-83.64819361022562,7.394884578682721,-35.13324937692488,78.79794200157409,48.18081123041429,-81.72170273364472,59.546452669642804,-82.02462965276787,-78.19727687181427,-1
42.648957444599006,28.174948960642922,29.929329798473702,98.25119874043767,92.89533078016231,60.791701510504055,91.51620301676346,-64.90167452372853,-31.736270809989577,-58.636421373320744,-1
9.342055868655933,4.061540180758655,74.01977478018597,-91.31749342903616,8.707643468529213,-18.57870217487448,-20.477524289425887,-39.51609774429272,70.1149056030232,33.77530620813707,1
90.97305613263882,7.479120587584575,95.17305116382627,28.780850708226126,64.75807684425894,-35.66600206809028,56.39199543159182,-58.1881252586308,61.93500725317787,8.911064930935098,-1
-22.652930739892525,-20.42888019085167,-78.60387223460832,-19.403964246967703,28.576382011741543,-88.38160958393004,76.33812236870162,-24.0496954161365,62.49476420883434,92.28332392840991,-1
4.619568834029764,19.368569783377836,-12.883337037413398,68.38671335836173,58.84213250988108,94.05142194521142,-19.622560021853985,-14.775752409553846,15.118685728016402,-92.14698967026796,-1
3.2600696602390684,86.87340295380298,42.81738642648557,32.274122214082865,-82.5814466408457,51.462041426887765,-25.493345248089838,-13.753226041688421,-4.632224453375116,-84.42869607824608,1
16.862862384620044,45.63775124072066,-35.082834019945935,-73.30400551681124,-7.464878986921292,9.286063215569456,16.638160855419514,63.461062442647346,-57.97856141752964,10.13209184731285,1
-98.98768323075626,-49.07186904724723,-45.27466674366683,23.917590979565915,-41.55635390762045,-96.48952732667422,-12.157879750056537,-43.676791578873654,-82.79356859341135,64.05066378897794,1
-35.4087054117508,85.11370258135526,60.345616613958356,-62.96088642650641,23.413303223560263,-67.66571275260762,-86.2572644552078,-30.49624093724907,26.01862537233268,91.0896382876135,1
-11.693899725324599,-46.264528123010784,-99.01200381311807,17.6404533896781,-76.77220795989487,61.338703938947845,12.679070142528019,20.705761300224196,-52.61520122065531,-6.992733155818016,-1
34.427109481175705,-43.24481884025511,-68.27897894138526,10.760448142475255,-71.60560204780123,64.43597736328465,87.25612429378532,-31.917688777148072,8.05988135229994,67.28843849397396,-1
1.0504744895714282,-63.712912982040535,-92.6657146132914,52.198152005618766,-18.0742210209536,-99.99767304892677,99.77852240665811,83.01214650344448,-50.83051150131994,-75.3505083734897,-1
52.323923065743514,-27.383540720272975,76.17415183978568,-38.89513786839529,-30.41171768356668,70.06960022397908,-87.19873067827581,2.116151491911978,70.23014708519634,9.781926328014336,1
-6.267871601174747,-90.60680664498899,35.30267715544932,-15.750389341185596,25.246864284212762,72.33818075746905,38.17679531016455,-16.07452343863794,-72.00252465564742,26.948828220805908,-1
-56.835794500631366,13.026636717841782,-79.08643193311995,-85.58313280026533,-92.65572749983578,24.468652923449213,-85.17891548502658,-79.34699822499032,-69.71089561292854,56.63228618473943,1
-32.4769657192744,6.422697053063132,-55.963359610037735,59.08999215794583,5.47992442453527,-66.60938225056026,8.85079322273954,-29.75612253024383,26.742319953105806,72.28360921910348,1
62.89369651778716,-94.5808014993033,-28.153326120046856,-40.490309736235886,-10.716096719683563,18.226060651703293,-82.32301060309626,11.408102655007028,-70.93466151589918,-27.499603093697374,-1
-17.92341539287405,-58.7332563188415,-20.751596219468254,-86.47748728155702,71.43585139975059,-90.62961829447937,44.68956357000019,65.14219031213341,93.06054472607997,69.22484210604631,-1
-2.1094479444873997,49.087894836865985,36.028154352060085,-27.97271850569618,65.19564254161637,-89.52899596250552,-14.479733259332534,-65.85832733750397,-28.680764802758873,69.81960399173522,1
70.601891093472,24.84759918279842,23.33006290414761,-72.5780588542002,-77.01340058808663,27.190941432745703,26.283784243675285,76.91737764592276,93.86436245683578,60.48035689026486,1
-15.155598150604746,-64.92574427531008,73.78099689574364,19.645058812747763,11.54176525000878,42.865327146999505,35.50632277673694,94.9381192097103,66.52235466522623,-19.62474575265209,-1
51.11022770860973,-27.146027790384906,51.64769514081826,60.07130156447232,81.22865095315328,-44.76608843582011,-98.1891676839258,-42.85848646782193,-89.91664527955817,-63.43732229215482,-1
-34.267090926016806,89.69066139243134,-75.57801719799464,18.60886683735683,-92.20079748501769,69.68507581810493,30.868401098543927,-30.83878031791501,-95.19899103102223,-25.583549007420814,-1
-76.02692653326343,2.335488423133228,-83.79075681847041,32.982344897443596,11.951136727676513,-99.12734606993818,86.54210162655227,-8.335281082484912,32.36691702279964,60.479206110726494,-1
26.620291454653582,-51.518053516983954,24.183103553495428,-70.72520156755019,12.088126196087984,-7.180968109299229,-34.651491593991835,-53.11487999769706,46.049837905914245,4.108767460971691,-1
30.392251900520108,-5.684762289968319,-67.27523576166617,56.15231721368795,-96.3986888799091,-30.38088136634238,-64.14934885214385,41.24923251105244,8.868977526864214,-48.67055856278084,1
87.23095483215619,24.0145511857027,-59.895054659932654,91.91532886420669,3.4892703510082583,-6.002346368412674,38.41472940487378,-63.073508530526155,99.54987780204013,-98.01786090176927,-1
39.19484121873958,3.767611425214426,28.715539039304986,93.57200696900608,-73.70217602040367,54.325382195721545,32.3368576799713,15.52635086888452,-64.56929535547488,86.95910349855666,1
59.03723895374074,-9.832125719173575,-32.10996149143878,-65.17813293318312,-77.23232130467972,-4.619978706406002,-26.08516011464536,-89.93009460612936,65.73058122365785,-50.60776660162149,-1
28.657643688470642,-9.342233050394483,-57.867562198866686,31.232367536214298,-15.593147974472203,-43.50425120459467,-45.61079211631025,22.36620402064429,20.87186394295422,61.65364224325566,1
71.68255036860236,-41.370453947797344,-13.822495267638814,23.197090052035804,-69.10805055533524,7.818910547201739,65.0831328247896,-70.71274867943677,-40.67750356858137,-70.56734978101093,-1
79.10464569924011,78.53434221539496,-5.0738248500372265,-59.50388796695252,21.155849890538065,-89.07311599980554,61.333010605363285,-3.195885498119182,36.86284978506896,-67.66108934520263,1
-74.58789746962304,-96.3779632358319,60.117339821816586,-91.66541987952314,-98.89884016791584,-12.60082286687583,93.61316241015177,-93.5113107905626,-20.737474900355892,-40.38675976599917,-1
-35.35941359584895,-10.517526635309068,-84.77382810193996,-53.071583628909295,78.05161060356042,33.277082715641285,23.356721570508228,-2.7739029570151814,-96.75131135810926,90.47735047974493,-1
-94.9298513169085,-75.06746375934662,9.518475230747242,-46.9907143349992,-1.290683931976261,33.320095809323846,41.753131045830855,-54.69567479277886,-75.13083171382593,-97.35423741894121,-1
-1.4964612362272192,4.613084953823858,-93.77318342309773,-14.783323221925698,70.45277487823628,91.55796019764077,-88.45356815497655,0.30359207003327526,82.26783801572614,85.76159213757705,-1
-29.816997489584267,26.69564396522945,27.823987563100076,28.465105181045487,-37.206656524529436,50.84965193641614,72.88664937367281,37.609111414825776,-64.19367251168325,48.78103746043038,1
26.22772519945258,-67.2688114268591,-18.133198736991403,23.04388764620218,-40.01617769860306,-3.1845860579596774,-55.527739050365945,19.042566825374948,-62.012772708487816,-66.43708087079428,-1
94.35641654419214,-24.54316737907547,18.481556931903526,85.40019358485907,71.63541063143279,40.50810030696138,-86.30825613328439,-58.49181275885931,11.315685700430663,62.38924692757669,-1
-71.40166358943283,-72.12878518543518,-9.052028873228181,15.996757485626262,20.588575295892312,18.127566798927546,16.19007597763587,87.70595669462608,35.50916103675516,-15.245976013815323,-1
-82.9305070012464,84.49987623545914,41.29514529738023,-97.57830495302251,-32.22787013224968,-61.978470043254475,60.762909038689344,13.594859463216096,19.135964832305902,26.981331830632556,1
-77.76050353876974,-16.245895021585383,-93.92258806063263,99.66950227858993,16.0935201987392,84.19890421931518,88.3383973316061,-53.704957246940374,73.28463670794002,-9.929922843841439,-1
-43.593085485738705,30.549221570374954,54.694625137320116,-98.13367603458134,-25.76551531247449,1.3840875923669245,-51.320663356293906,83.28410890641325,91.95820408097003,-31.41406744816082,1
6.270926313629602,-69.49219141714772,87.24244924873796,47.50167189180138,14.409728673860172,81.57975875592388,99.43647078059007,87.66314573026321,87.91371780503314,-85.89287248140869,-1
-22.77947243984515,11.928066261643579,-73.68646297454804,87.47761329942378,-91.25218553821053,16.017766933890925,27.274856306674877,-29.020463302689194,33.30439533860698,27.129064390522643,1
45.218266744532315,-15.173865739522796,41.812103890183295,-30.059354050830095,86.35074388656327,4.291927744294384,-55.977734819049374,-48.065832209917204,65.68773418779816,64.25003091194085,-1
-22.159664253167378,63.48871234768819,68.83408979383944,91.61469602387604,-27.081254360491997,94.61563259446658,71.60465420144584,2.8190885102519445,89.79613340940028,93.16646394366651,1
0.6272517160175397,-86.5847045223145,73.40629922448971,-42.818642152167975,27.219209281908434,31.326214741575228,-57.01747259272083,-16.46660083660106,56.88109464255945,96.25151547825536,-1
-36.39930500562723,-25.905579441723603,72.42552345309014,12.459363175581956,93.42532305183408,-13.236516084694088,-87.49474085143085,-56.358493089565556,39.56655710103399,-70.6609771969637,-1
-51.62954181990966,-62.591250288495324,41.63441772905631,52.96196018059908,32.996980695199056,-19.14205054902618,57.85856966393712,-96.16890288974942,40.122299278890324,95.15576370978653,-1
-65.34113598583085,-20.199459225973953,46.317904351066375,53.844629567626725,-21.08478488047072,-97.57937664477852,-98.9373048663308,64.7104453223638,-91.9428962444003,63.92497390952897,1
-25.145840848775933,30.284077670372852,34.52042364502526,56.97939542229352,52.38036252097399,-40.68801755881386,-57.67282028602776,-83.17446754812343,-55.06852047164668,69.69435488125293,1
-84.45307260700304,-72.63627381620772,-7.301191239885526,-86.20839672871577,73.11542912491043,-38.04242815818015,77.21868706264164,-21.08553693621525,-73.36357486649533,-34.43143242283635,-1
24.02651956030735,38.93929417088535,-25.349641674131988,-68.21836646612928,-59.355381782782544,60.00069635273627,21.369391108027827,-57.774811488392515,38.99062386860953,14.712656005341998,-1
23.643612663252213,96.88043614071043,-2.2306839486159618,12.132018883234181,96.80263264209285,-84.30883673657522,51.3460334137136,24.55068064796822,-4.982025426646388,92.31014642751325,1
-25.968259948911125,0.5440780184958243,68.95664562337754,-97.79374711427056,99.08750323826197,-71.83941022146479,39.285961407221436,-88.87889566390788,-9.163267452658786,98.86606053714297,-1
42.91918454001248,-99.07359539907942,-68.09106397736232,-75.72271636811871,42.80652889337128,-54.26464407927825,-86.70733484474557,-27.488040688181087,87.18744964971191,-42.2062950157883,-1
29.03455808188997,-17.920634602067693,26.801140619922265,58.00608726141229,-54.56408859529702,78.04300052723488,-85.90161087137108,21.66390000155434,74.72370574744306,-18.444393118767465,1
21.91286679597937,18.718490710809732,59.48520432138562,-74.45730327295303,-8.146960565357219,91.35996309685723,79.06921783063385,-2.5469291799898457,-79.31317702790332,35.54464824026408,-1
32.70035382161117,61.974889170926986,-10.819458724650332,-56.79236349808008,71.66833535982417,-46.88343340827878,49.67117073314796,-44.507064055009195,8.27488418148765,-60.85747198007019,-1
-28.101769756048967,-31.5836502568185,20.004109623860742,-24.822342970846137,-52.51330632503874,0.12071423094151612,25.685291322917408,-67.11889418422425,62.74466874444548,41.2743993619992,-1
82.9728780440897,49.521876035250216,54.184368928810386,53.86097872826795,16.56136701669793,-60.833383173146,8.181000767616169,51.4096229397251,51.250758284486864,-92.88195383870472,1
-14.578442274748738,-26.21727208604551,10.171474121827856,38.00097816413316,33.58399976072542,92.81568329802164,21.34634494348728,-47.35053069639776,35.27221357454482,36.508095753431405,-1
-16.517799370244205,42.669917176910474,44.68402273771699,51.23266577904923,-67.55331884350413,26.54237574972018,61.01806369913254,50.053152787768454,-45.60908812036026,-76.00941165380604,1
15.094835575175793,-86.85827211432952,18.470065718672444,45.69813543232263,-71.57257524130847,-64.95564557883453,31.902153728154047,66.72880209503447,-63.03232041059501,77.49378804257648,1
-60.9514024403911,-28.233903175299503,30.333365075177,-73.8579246519601,33.560936645281316,88.54486381882245,-21.793426174520263,-50.6682768389187,-95.81317643465334,-13.892835817392609,-1
90.12142938751123,24.829781569826807,-46.050077696602074,99.26686752544947,-2.8820600681204382,45.868958817599264,-95.51482216758897,-98.72419131868186,34.0868667593835,6.911843831261734,-1
-97.83246970394033,-31.6365296604248,61.13403059001064,-26.411849739583104,-56.42148914900198,-54.774933750065614,99.5256594804313,-38.3063437021032,-71.48868899337688,-58.841124602115656,-1
40.60379177903556,-51.50589927305407,-0.9706945972051386,-69.51679733391651,46.29929806807246,52.20755805015659,47.58347867080508,-91.98817618986111,-35.29391750290169,32.462747746144004,-1
4.4486520109608705,74.4247817888303,-59.96995115103798,-83.04159679083935,-98.46719347015494,18.712187075757186,-86.68705441715542,31.743527745404435,-40.734839620039985,-35.91974277195702,1
57.923628558910764,-2.5137603500972716,1.4469617376784925,-99.35634727914426,-95.32958073436282,42.52426661970256,24.748616972801813,-19.9575448300656,91.34408677786996,47.58555379976005,1
-62.68598822279283,-44.62447037055925,75.49217252607608,32.36783796987572,23.059605013960407,-45.921342723094895,-97.25088919773096,69.02417029920696,-18.68189252810555,75.09773007917931,1
-76.36703447566875,-53.78504068238572,-67.29522548299545,37.77706041001812,64.48447473365567,-33.68706018656124,-26.33055724112974,0.4854574332752861,-87.59171660868914,-59.18246776884794,-1
-91.85423953620597,-16.214910099090417,30.065137269387378,31.295721466300535,-23.232223391004098,83.90620493120994,49.995559690414154,-39.342821830143414,-89.08691834346021,-82.5106996400229,-1
-39.82433803664607,-34.500529564417064,13.146392799158207,24.717137600551936,-37.12997736325032,28.829844295183193,7.666388651142682,-6.740117412036241,66.30366662244472,-73.6626193127586,-1
49.20897585308467,-50.93017806373581,-78.68139393840185,67.96045712712345,24.681191631888026,-32.877909146031456,27.18806536534217,-94.2695144844691,99.30526175972383,-41.61776530043855,-1
19.579995762217024,75.33072053166902,99.58682210666748,-54.384045610213505,69.99507429613237,-85.53670494841228,31.351212694911425,-71.18424279736008,55.903340284812685,-8.29628756259693,1
-97.56910506203673,32.73423307252963,13.403252197333558,-95.16164722172896,-54.45005277935808,-23.896458026021094,-96.17102640063267,94.7600826714299,81.40839208300437,-4.979931861655899,1
45.80143360819747,89.90412473152841,-14.445373252827537,-80.85708889596765,74.11568500920137,28.095208435168786,73.2191267223383,-25.706547475124637,15.071834625819719,-37.480395018339976,-1
-27.961871717747428,22.29084708692956,37.892993827453154,36.04555584167065,3.3145256891958184,-48.09164336478193,8.352192853512648,47.773335426606536,81.60370908433248,-40.46994448634391,1
-1.2408807271218478,-5.207671947425524,-64.69439359889834,15.677383401281816,58.57088380676788,55.06923008062711,34.49209960500576,28.949049715363714,-6.932613212102794,29.043715168932778,-1
70.22733430337138,25.54161061428357,-76.5383622075211,-97.57584507122135,33.84005258761567,-48.01900415143343,21.127577864682294,-37.22438469699454,-32.138946538086515,35.11735471348777,-1
45.191135774047865,-42.273889351948846,94.69779383547939,-94.83761861010261,-7.928345759614743,35.50845349179065,88.2241625067347,92.29846491482243,-94.86207102611837,1.1041583446980638,-1
55.282592148399374,-20.563294076309035,3.9547897112035315,-59.19287307422023,-71.48117118361824,30.930137373190917,-34.94187632765045,-14.308419230240915,-90.88296841026624,-51.83923678536535,-1
18.17858863764836,-42.98096626123058,-42.592373365017444,63.48994169823831,-34.9791969136602,-36.87453124733,-18.06578932480147,-10.192246413974829,-80.67103314244955,39.40483320085991,1
-41.57107029295637,93.98287956292063,84.87923907530609,-29.675462552073114,87.36449240661835,-40.12088232566376,37.08877664438032,-46.287566509271485,34.47676865834072,78.13169109236847,1
32.50445687079639,-28.367456393431894,23.17263763646092,-3.290870656015059,44.562860641696744,-2.4744380665578234,40.91088560548906,-69.01493777131147,-14.5027091819464,62.37322480207595,-1
36.846605302431385,-9.891172937981295,-86.92873184021153,-63.71233046087461,-54.93661400975298,50.68558445139382,-86.4994906632356,34.79884162914607,31.884592416399528,-83.68501487772681,1
-31.786729789948296,63.41441418985599,92.59840077179894,-30.78005469244289,-38.937864660653744,-46.4814646544057,-77.91362731777946,50.15392984221114,-19.459255801087963,-45.88814870240172,1
-71.02102558175538,17.368223604175824,39.49429233385672,-47.37748601783143,42.402804066156165,-26.03734880256468,41.092166056697266,65.51061045480938,42.42740917612099,-4.904856953453262,1
81.07639528385272,-48.1153133137415,17.070872879350432,-34.61367673238418,97.60719323111837,-39.16025607274383,-51.70070294862643,14.608440123803135,-23.57210503348614,48.313221693365904,-1
31.738726323788995,-58.018881380882846,-12.276916162081903,72.2739992726872,22.514693668963844,-61.68141085303485,81.56770277670682,22.559167107302073,-17.17178635686676,55.04690777981119,-1
0.5274186210384215,62.91494404627642,-54.009078821782765,24.77916725832769,-90.37143280432932,-5.2380343204106765,21.55053661913051,93.61527629014671,11.292927469764408,-86.47905010552337,1
-50.141554170225014,-7.844246393454853,-65.22095015610253,3.8119581816540773,-36.64766458649466,2.225827847445956,-13.119336198678042,-63.43244402623658,32.764894970545015,79.39905787288222,1
-45.730193645220815,-57.407167698217854,96.81669383985903,-52.625888205103585,2.500529754066335,41.41729545333962,-81.58660278350492,64.47624223707086,-57.93628874284127,-42.55575815896984,1
-41.110221586082865,-76.62039185832718,59.307458195235256,7.062026290518332,-81.22854303532876,-22.3668587746009,6.500813283196365,79.11256962636776,-24.432157254562668,-31.75111004845587,1
-7.260319012003563,-27.805220611994642,20.689718676275575,50.27501720580915,2.2550924401502357,-73.65699428418128,31.809082026446475,-1.492923857142145,47.00503723796467,-86.31185815147478,-1
50.12295032817167,-80.11172144813096,93.96420901570895,45.29234302260096,41.11717252876491,62.1757162015837,-92.20413586777391,25.964130886941533,-80.39846304385179,-94.9302791472123,-1
5.930115671201293,53.89858663838737,-39.80728661063675,21.25058755019549,57.689468650659734,-1.4270831105106794,65.71111958121628,-86.76696223311191,38.68442561126179,8.851467403050165,-1
55.02656467222292,70.43630006370802,5.787426805442394,20.32236402926624,-3.060742573990609,-77.80038024173703,-3.3920604882220005,-72.57030236945137,37.817530749645925,-95.97243021014204,1
89.9599826583848,-50.06639822816281,21.581018558688925,-86.92676848712296,69.3937708414121,34.80398381175854,69.47758611427474,35.93944336666905,16.96556226115817,-63.63646943253225,-1
52.30212634349445,66.98604735985981,3.1192057158500432,12.296917591904744,65.34147194829748,32.202850849464056,98.13583141315317,-63.76334418998344,9.385775197095384,-31.573479977621005,-1
-34.92006036814645,66.12388155754581,-83.52379087683147,-88.44388780072667,65.87893297176939,29.291748327586106,-66.94310197140851,-32.00562724135037,-91.68420803068125,19.210023152190047,-1
64.52011213193165,1.1777357768932006,13.508169652311636,2.4443841625349023,-58.601484312314646,13.907955913420736,-22.119012204224944,18.969475900381923,13.170112062649338,-87.95461101994051,1
75.47461438559108,-93.29351305284412,-97.67589201837987,-69.99026706120316,21.417915743750797,-73.1450298195449,58.55162271456257,-1.4360830934350872,31.938054586094864,7.678995857391541,-1
-81.75877939026194,78.91044537881828,-91.68542818992158,23.91786749196814,51.24272279003537,63.355893301127196,52.460524900191984,56.65959659120955,19.87194500843313,19.485848514683994,-1
-63.635006558579875,-90.95626597876212,41.11503450313768,-60.84440286329078,6.484136455043426,25.318502218642053,24.258489809922025,70.50948424919409,28.30089625125035,10.106336119245114,-1
39.40314819905359,52.4917371481381,-21.501288718663034,47.47141547755993,18.339432461265105,5.931944789123975,-5.148995804609285,19.21639104766119,29.646693761569196,71.50612155038473,1
-88.73934486363252,-66.74332624878411,-56.86496952045657,27.23547294164655,-2.2204336415097288,-45.1856821315618,39.42716117836184,-89.87550554618517,-16.836286396317803,-62.716039029205085,-1
-42.0497094172464,-92.13757203178021,63.16662499812355,76.01581751229165,-71.85769439024831,67.86769847120047,27.5376493791871,14.252093987419471,12.783913351124738,-32.15186776523274,-1
-43.84552751182884,-21.510978515472928,72.8716499679274,-10.043070235735499,78.46049962793046,98.26558031284412,-56.08921535403961,32.3827265274023,-88.62372044447069,2.47856414642132,-1
-83.73024387162005,15.303295102850711,34.68648666498348,-84.58834417313376,-69.17099136430258,-91.51554035862166,85.82790400309256,-16.37104236744007,-51.86589704856939,62.36134367017726,1
-26.456839388113295,48.22412985801182,88.72318403351977,-79.79083779787067,-51.62123434823221,-8.400848199285704,-96.1742067125426,-62.85338559896287,61.98488406057987,-16.260971334463164,1
-77.30529575188218,-48.419434591012035,-31.625566792262788,95.12204017198297,-57.471124725780776,67.09604514843889,-42.162510740810035,-74.90274064016987,34.50145253472982,-50.24164225216459,-1
-54.24036690167551,0.6834541709713733,39.204123610758444,-53.2575836179134,-44.61910252443821,41.395297491143225,17.890797896939432,85.42475637288987,78.07686417105322,91.25837630267227,1
8.127024322021299,15.257672033362638,-89.60574326970551,-29.349718299587167,2.533545191283281,88.74031856404417,11.811856989320432,63.74804589681017,51.02672348903917,81.88590073717529,-1
-51.20207132418329,68.3657553516544,27.705189532817116,-87.54164037398746,-6.24640690709883,-39.41685423336148,78.17110699662933,85.7261124230788,46.04434355144983,-99.9545923563489,1
-60.25686369316552,56.7306025482286,-53.278449790018016,-66.39715845102731,3.8771719007874736,81.22220042649943,22.00148341589714,7.6045410727805915,35.29674990412087,34.97864061083095,-1
-60.80342751617096,-94.2434647373322,-19.613817278151572,-17.79430603865906,-17.646891683098303,-40.08686440922522,-84.60410658700674,-2.433136291197499,-91.9722281829267,35.81332089912749,1
-93.12229577695632,-54.271438899307455,-36.249499413586015,13.462443925780704,4.6781822748732935,69.18428793554642,-77.33929905450717,-70.61561528324584,-6.4637575030245955,-57.20106426033729,-1
29.992786155553034,44.45051367861325,97.3325186534293,-12.479375188921608,1.2532118990405507,-66.8500440359688,-2.9810680040919664,13.321051781092592,-32.38311812674772,-38.43616999477617,1
40.73157187600472,-27.52122017667338,36.04564848625827,-32.346498801100324,-26.18939564781668,-91.01774020087683,51.74306423278415,-76.27124685168394,80.48065522213494,-17.29669394200816,-1
9.746757873317222,52.0455719779373,-14.763739552805404,-69.59502937427038,50.7923807193568,54.6283747837343,-67.92691877605137,-97.94310081286159,-78.90331450779286,-16.206045244095122,-1
-97.72927104651619,3.7835410565675147,37.90535020631222,28.51303990703832,-11.191250159559416,45.796212331163275,0.07188924311212475,85.29275959123697,38.41011060794898,-28.603514106267227,1
-80.46557719872322,-50.53037965136047,44.9533543057523,36.223570792996554,-69.75063425301309,-71.42994253983228,96.07374818843701,-28.936050305222466,58.763620781607926,23.08415596416708,1
-83.17863877700051,-65.6641428303393,-72.06974904873742,35.293587445272436,92.2270970815186,41.864165694521915,41.479400006585536,-38.55671659574582,-85.45301044426631,-2.1903199101433586,-1
88.09171687058287,-7.464042866078714,73.72463359112217,65.50757911337485,58.91565574003806,-26.86385034772573,-16.84497929533562,80.87195499877146,35.1325804414146,43.74362265244048,1
61.872231095702716,-77.87365260895855,38.99637722530852,-8.11064631880268,-79.15503943833046,-84.75215640528711,-49.345523295456985,9.339136414426036,29.7530772318772,-98.60354762393038,1
24.578095163800057,39.33016477537845,27.286049908727335,-85.74865444694828,-78.39484917386173,96.2355673524589,-24.906214306699923,-65.49522461072759,-13.445703131636222,-75.50042760680216,-1
2.4186116598561966,-83.95325086767156,26.362705403333678,73.61133802149007,-65.02371256480812,42.64137665652353,-68.10154749172834,44.919657369525794,-11.179288618676281,45.07432004697151,1
40.193826291823996,-45.538534696126206,-94.00528202546441,60.99779993615394,-22.103621019515927,-66.53573919978793,-22.1539056616423,9.291708345624869,-43.87983735241681,-29.670025531618933,-1
-89.70424975000213,57.83424772146765,70.11634581884837,56.40561753407718,-1.157510549940028,-13.45417279605907,57.47740535046657,19.382138109331223,45.78784002103146,74.60862940304068,1
-98.89557657527952,-20.691443535745975,-91.58136207272763,47.374748988836416,-59.02374516985749,-35.700859750423604,-37.418521157270355,68.02161568783998,18.84836546171944,-52.186723184994065,1
-92.62261052909344,78.105456147979,75.72599727103159,51.054084099361575,64.32737954209432,-27.989906819804332,-26.310216016684222,-69.10155919901484,29.95760935285992,48.39554590279718,1
-27.2740795241412,-46.15135381012381,-3.8826845346704033,98.49670043167504,-62.517611180483556,90.15454154626761,4.289804833376024,-41.70781730124122,33.01119780132623,50.36502919133622,-1
-90.91072393170842,37.68047928554722,-20.765461678148924,45.58786139475305,-3.3185128053706734,-89.66625566840779,-29.015067824597992,-80.92781574539929,-94.96018103578608,45.62328746723327,1
-13.610996271576852,97.4552258629889,83.09765951760838,-51.30354068474014,-95.6353206449021,37.54440848611213,-86.32935993800828,-85.79302219119958,-40.5425591437347,-60.741139537786594,1
71.09211680220145,82.96918021362,-60.091509814170976,-74.38085072676,-8.752698208891601,98.65100308459282,81.64569774006458,86.5109756838624,19.89222793174332,-24.527364640669845,-1
78.22862273961422,-57.01192428184865,-19.1719356697934,3.615753247763081,44.428647091181176,46.88878641511829,39.92791392442433,41.88777292679495,-28.91213252718765,41.455782381133446,-1
41.37146876952343,72.47274174934904,97.5444779472063,-56.65203998184487,75.91637099030584,-54.794200436800054,19.53365654054062,77.90386220875263,36.5064919075443,52.00110899241969,1
-12.205715858872779,96.9682397924669,-83.97703072306497,32.06054394026762,1.4823877435617732,-50.531936836183334,44.547550447760926,38.40225118933094,-44.586150057320076,-66.23799884308715,1
-8.786003156592813,67.66574094222756,88.85329782268678,-2.825648162734879,-16.241336185167725,60.88744153590099,-88.68286877065688,-66.50178218117846,34.61842618224341,62.032217991940485,1
-35.843987005652835,-50.808454323098374,66.42683559154838,-58.29789712853284,26.828427659147366,-72.67981926976547,85.42212577168547,67.83607899605971,-51.94017530992665,-78.91972452070755,-1
93.91692555291172,4.032700222398674,74.94033453683988,90.28066844133141,-8.339871694268709,-30.235893206104137,-58.93341225864004,60.76097809669503,86.88660775068828,86.55058781206264,1
61.366947853452814,-51.365561800109184,-9.242091723272154,98.36199026987268,37.68100369842736,67.16518558210319,33.369478261131604,-19.35787336323544,-91.18682768592372,38.00937768188993,-1
93.86050712381979,-0.7267505597527304,59.56272977172691,74.54605009692037,-75.03583720663033,40.73995592581019,-2.3008734680189207,-89.88537923515423,18.756126388690447,-99.81131694647378,-1
14.687577624657223,-18.11766956175191,-88.58262878213702,-26.338093898630333,-94.4926560261069,93.36909995985707,-27.914634571702777,95.67095741137132,28.363903360287054,-60.90839992632002,1
94.6021109504891,-72.0455246747421,-20.48112040744114,1.8844256299579456,-39.74694784799993,-86.86102820912684,-51.69263165966365,-87.63830786215547,-27.035505958440268,83.00030754950544,-1
18.166652113802144,89.45666792236307,-84.28430056899585,3.681604389040814,-60.780457452321414,98.96385879319021,-59.305451500480835,96.1136454121447,60.6023763052641,-33.968809936879126,1
62.559913451500506,-58.71574564787936,73.62845087550107,57.72299293448128,-11.91172993751519,51.801056504386196,96.22358157358715,-79.95088725542468,-18.065426141496175,58.787026690370254,-1
-83.03245718296162,-45.1889558625588,93.98240922145408,-88.28981415120415,10.742297071602238,-46.9347724889066,-31.618944378901944,51.45659565510016,74.86146682741611,-31.63019161654836,1
-90.9391980455911,99.37485036918946,-25.792247403079458,-60.505902028012535,-27.616001832427003,-49.799723347539945,-59.54916389509302,12.437762212905028,10.937404957673436,-71.76018729256302,1
-14.363170336537138,-23.221755725357724,-73.75102446352248,-96.16154463538867,-87.27181814267153,15.659679884072133,0.02255041532539792,32.70471878269046,-49.82418002185995,-62.024934180816004,-1
49.29828102360483,93.0053821333025,36.09986041494261,39.00704577171064,-43.695760317014006,94.83888876327143,-99.60157295618595,-84.21211941068889,-0.3740112903915218,99.1468904102646,1
-81.2650464343815,-86.70074652664451,-13.533039791479624,-39.34497048648089,-80.69310596091184,56.07522471419608,-83.28913249786206,87.09690270549913,79.58705868874739,-59.15157872631423,1
95.17041589250692,47.28884712494457,74.19382474921713,54.930706236236375,-20.596991752561664,95.46158159830074,-29.895893142767633,93.94472655959541,-83.96264863757735,8.92617422142716,1
73.71982563789206,-40.575656875365,-18.618407855425872,-27.552911669542326,-92.10809342182014,12.414558880514221,33.5521183206306,-91.94839939815358,-68.2526473251381,43.02500396337757,-1
98.01077002085265,-37.65558644089035,59.51182012743763,68.87141654792319,20.38468620302632,-98.43168184561664,1.5610127917558287,46.98516947897883,76.65472028524476,97.3791890776595,1
94.87896153323331,90.0474707641605,-24.04284396415403,-88.58905576974914,96.14786871668588,-41.990893607512625,-60.66928300940826,5.988117386046582,-47.73339642292325,63.149076125224184,1
16.731222370174407,83.46271509244855,23.898069201922894,91.3229242166916,15.455805846626248,-68.54535836405694,72.59936627177441,-33.119764202250266,-2.364464937837198,-76.12379773236064,1
92.52968293558502,84.16837652347448,63.45955399249874,-95.81100779381744,40.45175320633285,-67.46005123828682,-98.32726362462859,22.794061265046523,75.02672372423044,2.3560913138961297,1
-22.366014758695613,55.105523339002104,82.47266912333819,55.28948929994493,-97.65867785381919,73.35407090120006,59.24829010827369,62.93420094199783,-88.08258052937126,25.08669003331869,1
59.158533887220216,28.22952657705946,-0.22236930972879065,68.17431588518451,-85.81355677324531,-58.162906918414436,58.311640518274004,79.67729331680698,-21.651509887544364,-53.2865277862778,1
38.37903953853865,19.127748121568857,-9.722595134064903,-87.73007457786636,60.98135536828772,3.5921055425157817,34.72908349498155,43.2099946484289,17.117536774522506,-8.39427668322628,-1
-96.68243421442877,79.35308492528503,96.2372356054847,75.5948640890139,-86.07177036751885,-20.973818477699353,-47.95268040295413,-90.07712533223251,97.46723171590918,75.85591123140134,1
78.96547008552977,12.187594307077248,59.75664715473309,76.84129266968156,89.13962940005646,89.53760519289415,-42.507667020549974,1.1017520779727903,11.23813852600233,77.2342588111986,-1
-21.380455066647926,59.05346237197804,-45.15695953026599,99.33937077059537,19.671496859551766,-54.35292730126018,-29.145734556556874,-81.5278943777243,28.19310561975155,68.7758822461858,1
90.012393410161,-46.38727183542475,-77.61607612045442,75.33015236564012,-71.88940648432785,-99.70523558273771,-73.9838660342106,-45.60027893112879,-99.16251127440843,10.798651100626188,1
28.40632923085755,6.517886510317169,51.6526391858045,93.164432230644,95.36006570213186,4.259209530827789,10.674237949954374,22.29272224513217,69.99186610064106,-50.00542182623406,-1
-49.951420367080935,-32.96055167081981,-87.92958320188724,-23.61207206942082,-17.795784946890848,-28.59413120599757,54.56191465806748,-4.529920375519737,3.256659839534805,-60.1560628325847,-1
-41.28163114710133,64.25146093440256,-41.66748425813935,-21.104744285992936,2.4727555091581337,35.92406654702157,37.726325861575106,-76.68338508886066,88.10079057588052,-30.884082825837396,-1
74.29211803754353,84.17448010636264,16.017241567562237,33.89739103963802,-69.57914335554543,-79.6215223867973,75.49400933089638,-82.59655633944226,-31.808285712888335,-36.611475646543724,1
-28.64933466128214,-97.09106686642362,-16.446643566533254,-45.03879289037278,-8.15202448060839,-85.4196329264193,24.72975565805322,-16.278545016334007,-49.394731815949356,-90.15581709184768,-1
50.908574816936465,-82.8982938291064,41.35544337708916,56.75835689707944,27.380463490948642,-92.48578192021853,15.340479771551259,68.93318181804486,-74.61111724900547,82.16525293726303,1
93.98197043239887,-16.351392741876225,97.53360159932939,43.624615245298884,-87.4693593089291,76.69295259721213,-42.47345419126436,-86.59669244975801,-21.61788741121819,-5.670101849880922,-1
11.680849947161008,33.007334909251085,23.569448040242776,-55.87760945775775,93.28347717328148,39.44187638192736,34.957260433482105,66.98944113888075,15.671952623308002,-89.74730816480036,-1
-44.523763403773465,-45.57097255400746,-54.546074547369706,22.04502989552826,52.35963827553945,10.54141514370906,76.19460112793149,50.49366751729886,13.47818883121468,-31.67177746187963,-1
-34.933933847347134,24.061910270692934,25.501092643674014,80.00462467960224,9.086373881381093,0.12485361408356255,90.2846441691132,-8.083188557275392,98.39254944772867,99.38988348233394,1
-76.58659671447883,-48.422462913359546,73.58365890400444,-87.02928110340633,77.68073446173625,-21.36095979441555,17.387301311781414,-75.9224842421822,59.502809059297164,83.84160621074503,-1
-76.08115081233966,-72.23456547011797,88.54635482702514,38.487230264873915,55.122370185065506,64.50695887683935,-9.949150771421927,90.28896513261839,46.83025180832925,15.012114691762932,1
-52.550182500639984,85.90582884956518,-55.84607744224792,98.97326343395343,-39.04978092277334,-40.03989448695282,-76.489739969956,-37.624112847254956,64.01350041112988,-35.829091450031285,1
-48.24400367999662,23.625648091579166,77.19554964723741,92.58537504751595,72.02793866988699,-82.27905720606418,47.57699696692123,72.93178437162803,-17.761904826101784,-19.937432765401184,1
82.64811051129425,-20.542541887926546,-92.07623493032857,91.06693730078567,30.444851909094496,-8.067025919467753,7.131319869515721,46.60002144452463,-4.516762103929267,63.77385410409431,-1
64.37201185807123,82.8597613120998,40.93615254732933,65.00988203601241,-31.922579149098866,16.75455610282232,19.37037537755188,-67.95487980469875,56.48516244255757,13.791096656370144,1
68.97506219389092,43.1944457694795,-10.938948999466902,18.06953809175458,-38.73730024435746,-0.49202957077956455,52.17026618615634,-66.35926884669635,-23.443179919391895,20.1890969075438,-1
27.282082252756084,-44.28193219360828,93.82052602816228,-35.325687576895845,6.605773449227996,-89.13359303541924,49.67686993524626,14.175483367895254,-14.7203286396755,56.67744399916768,1
25.17198314284728,19.077003464008754,-91.9781617175035,29.16216253104119,-97.97376319445132,-28.284307695025362,-51.69987440143331,-86.30990948679664,26.29175851660412,-78.26349212506159,1
25.511616016812695,-84.97244365283825,-98.84826790037569,-3.406225582928954,-70.24080611897688,63.42562840311703,84.26150244259509,-54.78418579788746,14.057387746278096,67.8199397599223,-1
65.74750183038586,-72.72570488264606,53.65468277290364,56.10510304877238,61.28072344656789,-89.95479770720524,19.808917430076306,-88.60425460052635,53.072672771608154,75.95048045886873,-1
28.48385564126312,-61.86245586726669,74.68464761633211,-49.551795965327685,-75.88831671926195,1.1915815469863276,-84.60566612382519,-84.6393903371157,21.01790370810768,-61.59678305199265,1
2.268479772187561,59.459073155910716,-3.898610548434206,57.38067725105901,90.1062105172407,9.315428406458977,67.22354064144974,31.7322709879534,20.361346789089453,-32.53387823084691,-1
-22.980454279614946,87.96642472269502,-3.695529697489988,-56.9596255965525,81.92536388731847,34.826059107212586,-76.92107156421653,81.83505281071714,-87.59264727424369,-11.163318624326692,1
-26.727631341261656,68.42378462714174,94.21164903307354,-79.7158343101567,-89.54842414279524,-28.256894916597304,-33.5087685702576,-79.80437863644778,65.21293690965712,19.38904468263452,1
47.57938333915371,83.9711232825521,-32.620841645778626,6.060426649831669,91.0121022969978,69.6084179202968,50.34939847916809,-83.06233162493864,90.10656419088178,-68.02404732671172,-1
-94.91617465118097,-61.542196238265845,55.91689471335067,-82.8683500807139,59.582831923178816,-43.14518141449666,-98.3360115545616,-25.565348950620574,-48.281681773043196,-18.93492787060933,1
-14.201194524996325,79.26716370422395,-50.257145482474016,-62.395053076916774,-94.91044801884982,-43.50551472599926,68.97426955104581,66.5859431148456,-84.56249395470641,-40.40455290083125,1
-81.2036120318262,-30.860801299216106,-98.04583051616326,27.440295361656084,-90.87025089952326,58.62857479934789,76.51197535446946,65.31021483829284,-88.28693894309323,-41.7277854324511,-1
38.18754762049318,-77.59221956638953,55.96907903022873,-83.81614338974956,-44.144782309117915,-26.442802448769413,32.84387699779364,-65.3007899289956,16.5428898689363,-90.56065966052421,-1
-5.1652341825349595,16.117670055608684,-85.56031820416483,85.61672806520994,-75.7949999029614,52.20158469907841,19.431061198060377,86.749884600294,-23.356926810549666,-92.03771211084924,1
-38.09447674273445,74.58916717528166,-94.87158683871286,81.25091610420733,14.705790291114653,-49.90642024150021,99.44757998072055,52.03218595803182,-42.363094808094104,70.90947864043608,1
-43.031901124506476,-76.04757363614976,-46.59434596611574,-82.17511357679668,-5.766420213437073,-90.36279752134075,-46.229297123561295,52.11512849105645,83.67950841631159,41.00818127071855,1
-18.20941111714602,18.25508714898585,5.280532187222647,-40.91104450451595,-45.0536948960961,-0.22086709281161632,-3.202126364050571,-28.158250603461937,44.41321284075707,81.84042724129742,1
-8.868649442857418,59.88317579379586,-52.49117382513451,53.10257979822194,-42.84328889482596,-64.14887761844199,-83.08692438055243,-83.29501706399626,-47.76751349782795,95.08207353694903,1
-50.45380209976851,-9.55641182203857,-0.36085670937220016,-41.43559265980705,-89.77292371157985,-94.1660472709471,34.23149467593774,-55.752260710787205,62.87735585375228,0.6690261212308144,1
-36.615598968744465,-33.01887706858278,-74.96284155948992,-51.7597084800917,65.85735986335109,-30.961558301157893,-76.55921886395332,38.211162547852354,1.1863308639116923,1.7788140139760316,1
-43.81309806252385,-29.882488238680608,-15.728599544585961,64.52286370273569,-89.60868448914631,-19.42534347347258,29.70096402373764,-8.313715173712396,73.1124766344407,-53.78382942510076,1
36.60135468327138,-18.253165780380726,-1.5444287103930492,68.14060560223999,-14.01378452197038,-16.110401208537283,32.39378895877371,65.46042994744917,-20.441311814180366,-52.5033389661232,1
-22.2645420621036,40.81595361984472,74.73542283726775,-29.31572413945638,-87.54537882362288,58.903108898149725,-40.541841938533274,-38.707306391435935,-41.18650756464444,44.031492186188046,1
-42.85758274362785,43.80918103684911,95.43483684426346,-63.10474937327213,-20.972451347136285,45.411352323078034,-8.96560165326872,-38.71343545932569,-73.39804021853425,93.45423807405953,1
-48.41167445696888,85.87519782551715,-79.49805440186415,-73.49506545163031,30.632558106256596,-32.53089064618146,3.001131941944621,35.478625977774556,-73.35801517267427,55.101059343799875,1
-1.4749791418281717,-23.372294350100503,86.18973910139556,86.62266626871153,-72.1606597308609,38.919085450657064,-66.5285935526438,73.6819047893868,-88.0765349310682,49.7926301720797,1
55.975109171524764,-3.771979629036508,-73.9827519738736,9.905907179003393,-23.919890205918065,54.584296375223005,-21.453851345716757,-46.900718514185535,23.421188885731254,96.54790818207718,-1
82.1854368987685,38.4553129035705,16.03447384546645,-10.052031509892004,70.79239339108443,81.2174120962521,94.67652383296422,-27.785054731792556,46.921660142107015,55.35968744172615,-1
79.42205199051543,16.24764428452245,93.77557105713831,-72.96674216903546,72.91272190453398,-37.62722841662336,75.2638866284623,33.57358134016269,-43.091722864613246,1.5515676377137595,-1
-72.49581117080135,73.10142517879606,8.25331573522206,38.990217780492344,2.53095062901059,3.1723805424656177,37.02686197489683,-21.581284619085466,-38.85120851054178,26.275195528675326,1
-85.08987126404584,80.83173889874968,-29.07556847184469,24.771864935314596,-67.05872931354082,60.69654865937693,-49.821390861779506,55.40985713035121,34.76777965400092,-72.37494137195056,1
-90.95454221789238,51.027451134723805,-4.024875939218234,67.97226057334407,30.194693430190824,-84.62758494476729,-84.8832772291866,-83.54553514458763,77.9826752725725,86.34808066330163,1
-85.88625051991403,-58.97207190359857,-2.6662117150594327,83.78530672791089,44.79461109321875,-79.63926341009262,-62.41592383693539,32.35554649432771,8.222764975768953,25.53377543176174,1
85.66371251754506,79.9149146549137,25.24406432628308,-3.7311696729352803,4.289137808717896,56.264371149461,-65.66121845891008,-57.51054456090541,86.94598309766019,-89.23389501830819,1
-71.9831969526952,-50.30217203710685,-37.92760821528525,-80.38348384315108,78.5046579909692,26.18435804583268,-16.145667766795597,6.2909828378610655,-17.034868895729602,50.91387224114732,-1
-65.8951752625417,99.94353465722611,19.253975696410606,22.06675666218368,13.066050914321977,65.69385988982341,-16.333227179543968,59.65863944183732,-45.87121160364687,-60.27108462051884,1
-44.01322061081143,-20.366261281811333,-56.15720252839114,54.92675612755761,-38.12545642744358,-55.58482586133589,16.742717546272786,-34.36410344047761,-3.7444097561526064,-21.335865922962256,-1
92.64450788812226,-4.789919560180067,56.47709681165469,-94.76065829358704,8.60491679153263,-0.748249423527696,-66.05431428461537,-20.46311711338906,75.9202993423524,-14.578990927931358,1
35.51287236845647,-65.32528094104904,23.385383675148447,-23.875341304683985,37.265439337219476,28.96652080446276,31.034742904867613,-52.5042886495485,-64.62060983520321,-27.403431919225667,-1
-6.880396373507963,16.67835895322409,-82.42670017103333,27.333936433441465,94.30653818021014,92.12539510263994,-22.434782016613752,15.371476226540054,74.38261225610111,75.1809849999789,-1
81.2708770189472,82.88238918499195,14.121949327765932,47.13262284783798,-30.544592193898495,-7.6567712373761765,-25.375476315523287,-72.90809264106184,60.83311299677683,34.75124595681797,1
-83.17200700099023,-89.63529263551462,-95.0826167082397,-13.500424333973598,-77.85588133473686,95.20276465584271,0.6264945103080066,35.699993658527575,-60.75085665876687,-85.32718650807946,-1
86.15146512071294,-59.003140916835804,65.77667317652188,46.61425920593496,-30.824507852428525,75.17661670341141,99.23153469975577,64.8943035209098,68.4330753300762,-83.88383754269728,-1
27.485980299641312,21.34300927657118,8.259267060214086,-40.69288374246896,-41.30223535837567,92.02712088108944,-35.7675694728093,96.7134413027326,17.324783656732535,-61.97424673625886,1
-1.1159390594837078,59.971051189463054,-70.33135980758223,-28.901397911728523,-8.29539822362186,-63.67720644867947,-92.21239666246687,-46.81430987357624,45.73125684732054,76.17903210895051,1
-67.41311458371406,79.61085788814276,45.0515320830273,69.3028677380556,74.739718693269,83.64781733508741,1.4119293477436514,87.69643164283093,91.58917198522752,-31.48178343777363,1
40.49681679742184,75.3531273523499,-4.0122330565752975,-4.79637412624669,40.52675461710328,-51.62134117742217,12.13565898778998,-13.23121542895116,-87.7107419738425,-80.52662124175578,-1
-68.7125914657828,-89.04767223559374,-83.67400359388208,24.932713770852757,-15.634364292233727,-98.19230618414156,60.89892848636447,64.13923215335586,-18.91543497216901,77.63826993226081,1
45.64326972237191,14.155660933782372,-94.15054339308817,-10.559491899032864,49.765267392661286,31.47069643402571,-41.523377917561376,82.12114344288435,13.14899012265785,44.07679971728916,1
92.48945898842226,-95.98576044445473,64.93619318502982,7.991426056111919,63.81270277233122,-40.38955827211137,-25.777412313974438,-52.37066926686074,-31.453814914418558,89.14994044518602,-1
26.461166118715894,97.30304975859593,-74.22602650531095,3.135885539299551,24.18571349568623,76.03134758429701,-95.6173342449982,0.2551289251458684,-82.98872290215178,20.862596448063968,1
-86.12773982496691,89.22309242672654,-52.49133501522447,45.19598199705911,45.834697509889594,-29.38992167993952,38.92819177874557,-85.97837207174861,-63.108189788023324,62.8767841338163,-1
-84.6040180342414,38.07896572587305,-69.22081873202899,8.002382920902122,96.7042945430444,-87.46207567562683,22.658336977475813,93.98530506903816,15.376240262241694,-24.6647119141075,1
25.788569355976804,-96.05789244912717,93.8824644670575,27.25827079584961,83.32704716824145,-58.584838157828955,-93.77018144132178,91.62360178388676,14.773169935419261,60.18774430828606,1
-14.491796328290079,-65.53602575967403,-62.712347571149095,-84.11612620220268,26.916483510060758,-0.66091543641069,-79.62137982541265,10.532453555349647,-83.68025599903233,-53.55506181973138,-1
-55.28083229610947,13.280928059379434,74.15069006745182,-33.09774225161357,-4.8907925026346675,89.41813342170383,67.47341595403014,17.67044419663067,89.85462124912337,91.42696650795924,1
-1.676824976633526,-97.38110868233328,-48.46342229775726,-25.566595232497335,50.23560956168362,-21.508362754104,77.82558478800198,6.31443053734624,-11.484530813436919,91.12989345329788,-1
-46.95952646365491,14.894622635982387,-16.054536614775543,38.43226833882639,-97.51919274453704,-20.398941409099436,-66.85036460695585,-25.498213689306823,16.626043819916703,-56.073014281086195,1
-85.24068705292022,19.01558614005097,61.56918838825172,-48.14064822684525,-73.86953123530742,67.79946554360214,92.18402938576494,-25.055605898524718,-16.322093324333295,-75.31002683792897,-1
-55.57843790585395,79.04136753743987,-0.8248529842458368,-30.48569515220359,-97.4784960048482,40.77141832686624,64.5967610083535,-69.59028651510164,-56.4217240746512,-37.587191069595875,-1
45.143901677672005,-2.1150072713719084,52.976652308425656,-2.4857612653231342,78.61804103908298,-89.6328401760542,-87.52118628034455,-88.66391356683292,88.29484750121307,-13.930693525559917,1
21.50897038028768,62.580201826015525,-92.59847305690147,-37.73846016879927,-60.38047344805197,35.36425977147911,-60.201572208112644,-44.32630366746868,34.25416504582651,-46.240476993960364,1
77.41728485302346,-69.12745694515954,49.930366348584954,92.62302231783477,9.3296440375577,54.798275630552496,-79.48640748328204,86.64101755186124,-11.393258732476113,-72.32568105588868,1
24.659625365511587,96.00651505709541,-82.1177995375481,-21.81880081889706,-86.95908174790159,77.73181605307974,76.59876496595462,67.64608421636012,-53.333435470134674,-39.322891274173365,-1
60.734415379822906,-87.78440802902725,-81.70263252044903,98.8278722442335,-11.93531632633021,-27.953216239914426,47.744630145313266,11.356982185637591,83.45361331553613,61.76526469833681,-1
78.00106836351327,38.78968889341999,23.631146863623826,-92.314730207535,-49.121683831630605,-90.00419426806425,-9.74117739414902,-20.096243082613043,-67.46783697890297,-86.36267604690747,1
88.04604828499151,12.968226652523285,-44.63444055298969,68.3997105780123,6.793494509552758,-92.79623634171472,64.36618931707184,-19.35844877334955,14.321529896588771,83.52945558088669,1
89.44971547677173,-97.8008342683039,-64.57004211052282,3.453811288321873,-39.53335012970125,-79.49680718670511,29.901785941489464,-96.68150387348042,95.64413370531167,88.19846451488743,-1
85.93953046851462,25.580077898181557,-55.23647703547538,6.5915573102670635,-63.155032152394774,-50.63522615961955,42.81054467562535,-25.09035132408374,-86.12118281916332,-2.765269179023406,-1
