Close,High,Low,Open,Volume
NVDA,NVDA,NVDA,NVDA,NVDA
5.970754623413086,5.970754623413086,5.891363982921088,5.941885342751538,237536000
5.875187397003174,5.918989509206405,5.826158936868676,5.851046511408945,205384000
5.899824619293213,5.905050966215078,5.75572649719555,5.781858231804876,262636000
5.971252918243408,6.017045883969803,5.88315121870379,5.928197495492935,314856000
5.982451438903809,6.023764739731018,5.926952474390596,5.967021135605146,277108000
6.048153877258301,6.120576516953265,5.994397032737195,6.06881052602453,255112000
6.080507755279541,6.185781859126946,6.066322091859231,6.155419203881554,316296000
6.271146297454834,6.296282606868379,6.140984617283319,6.16363259678268,319840000
6.154176235198975,6.253726060605366,6.140985521380732,6.228340534710304,359088000
6.111617088317871,6.189266079309119,6.085734091320788,6.166867313650455,263104000
6.1952385902404785,6.20121162555612,6.141730485110568,6.1651246756422955,284192000
6.203949928283691,6.221869036427009,6.156414852642917,6.21440262269456,253792000
6.170600414276123,6.204198560894106,6.13650431691283,6.16736492115884,217916000
6.224606513977051,6.311214823727861,6.196981400554024,6.215895935392397,239240000
6.293047904968262,6.301509746751853,6.175828183875581,6.264676573221283,244516000
6.233816146850586,6.458301325406744,6.179561337282814,6.408526174948215,373512000
5.977972030639648,6.02899133900115,5.779618620640297,5.929192314169117,470536000
6.171347618103027,6.203701127903374,5.990664110182417,6.043923483285389,310976000
6.1108717918396,6.1930004533573255,6.071051388818257,6.15691349496701,258848000
6.117590427398682,6.131029877336464,5.9580619920465185,6.013063007373622,290504000
5.884146690368652,6.083744287335184,5.842335907093359,6.0717982136305295,370420000
5.981207370758057,6.000619381873088,5.8597562708457405,5.865978044936921,255564000
6.1504411697387695,6.169604915500799,6.073041396690385,6.123065271647515,271544000
6.24078369140625,6.281599042941354,6.15741039787647,6.2713950863848416,208220000
6.327641487121582,6.327641487121582,6.193996033305588,6.275129269822066,218284000
6.261439800262451,6.309721561491752,6.23605428009747,6.287571534528546,189752000
6.5446600914001465,6.545406305582232,6.279110375824013,6.284087985183651,529608000
6.667106628417969,6.78183801655105,6.590951003561365,6.652920962882322,638556000
6.782832145690918,6.789303132024063,6.6810422774865765,6.719866771412749,374644000
6.739029884338379,6.8062261770159695,6.697467848977049,6.72484422185108,528016000
7.212141036987305,7.3410580636010705,7.117817583677653,7.149175663875109,1041924000
7.380878925323486,7.399295984825902,7.0894466884047596,7.108858700139689,620164000
7.832088947296143,7.849759318235343,7.503325584326226,7.503325584326226,694332000
7.682763576507568,7.872405915479174,7.375403114951804,7.784055495050813,810052000
7.318660259246826,7.595658094730664,7.2337940614080205,7.570521784732128,768180000
6.8012495040893555,7.015033220439057,6.669843655720504,6.724347196251177,856916000
6.521764278411865,6.938380650884585,6.419974383925841,6.876410687420948,1055496000
6.661133289337158,6.8552557873010365,6.520519381374337,6.522012284469121,747732000
6.290335178375244,6.648929237527504,6.197947365481088,6.347610483142865,906416000
6.725379943847656,6.784896660381893,6.021141466761497,6.037825906342505,1133252000
6.883760929107666,6.912647954782007,6.499517605060094,6.895465261487342,890744000
6.621288776397705,6.999306519580371,6.535873577697565,6.939540911663828,652792000
7.084970474243164,7.09443339761163,6.653910399827267,6.728617764574341,597408000
6.805567741394043,7.052349995369933,6.760992293337809,6.8855041236938455,540328000
6.625024795532227,6.683545501636067,6.424809580590504,6.626020817874118,515412000
6.112034320831299,6.459671182582514,5.931243260778573,5.974075057870194,614160000
6.501509189605713,6.501509189605713,6.1257327953788865,6.388452338454061,580648000
6.137685298919678,6.389946359754205,6.040566234422032,6.361557585907616,499964000
5.386631011962891,5.879946640181565,5.373930656890709,5.614487417822957,816540000
5.997485160827637,6.001967498882198,5.468808182759905,5.739994622297284,634836000
4.890823841094971,5.630424311039589,4.8310582281153325,5.289510622766234,726972000
5.41053581237793,5.4999355774252425,4.756351060498618,5.003133264971401,833632000
5.050697326660156,5.228002130434769,4.499359291947831,4.982963056670946,874268000
5.303456783294678,5.397089536939655,4.815868441215396,5.029281317213403,765512000
5.12366247177124,5.735513368802035,5.108222935016619,5.453618567022468,804636000
5.296483993530273,5.390864363327464,4.943617513362338,5.12266549047354,643876000
6.205170631408691,6.2918312232495754,5.678983959481302,5.702641033345908,1101644000
6.116518497467041,6.51993651399452,6.067709603569407,6.320219550387866,793432000
6.405885219573975,6.529898807794196,6.225591847871824,6.323706951206101,696108000
6.293574810028076,6.552310269100053,6.192720061989183,6.225591175797797,638828000
6.613819122314453,6.623033160753268,6.314990552407411,6.359067749844578,602252000
6.564262866973877,6.858110818678455,6.4185838002500555,6.653911048444438,949960000
6.053016185760498,6.512713898665379,6.008441225474887,6.36628819159101,656912000
6.361806869506836,6.375004996448508,6.034091777591289,6.082153060595825,675764000
6.073935031890869,6.365790446984206,5.93647398835557,6.324203549888502,663212000
6.6837944984436035,6.72065017554929,6.29855470911675,6.35607939382513,727884000
6.450458526611328,6.9290821244683904,6.40737735857138,6.9054245775815115,784520000
6.6476850509643555,6.672587506427425,6.489555004994916,6.559530672108475,542444000
6.548076152801514,6.796352639085369,6.485073111903276,6.7734427014723,525564000
6.719902038574219,6.728617826628868,6.399906748639716,6.488310013179635,398408000
7.071025371551514,7.105141388817027,6.820507495955721,6.8481491312848295,530948000
6.993579387664795,7.076504300320507,6.857612606318215,6.9029347084421175,366148000
7.338726043701172,7.4458062782420305,7.135772131696852,7.148970258403204,745620000
7.279458522796631,7.4423198025387185,7.145483789087821,7.42090366109645,539120000
7.148223876953125,7.308844245707221,7.103897792505728,7.152955577104909,449388000
6.7114362716674805,7.091446120002381,6.65167065420219,7.030186706457266,735160000
7.1258111000061035,7.168643384661599,6.858110983321336,6.903681973130234,483356000
7.072519302368164,7.29987788446425,7.047367959603796,7.167895675399219,424160000
7.2114763259887695,7.213468370944685,6.98760400617556,7.062311391721849,352328000
7.397994041442871,7.557867261209609,7.321294622853795,7.345948193997558,479388000
7.255550384521484,7.575296735244545,7.250072025777779,7.545413698972636,442904000
7.432360649108887,7.485153640742768,7.315070332920072,7.390275492933663,379160000
7.2784624099731445,7.432359012301626,7.2645171482702215,7.378320648227945,375916000
7.041889190673828,7.194291509256249,6.993578552435649,7.080985792503497,342096000
7.25380802154541,7.267504394879281,6.994574375281932,6.994574375281932,317556000
7.3148193359375,7.477431715733212,7.253808345175907,7.357900502172547,368896000
7.415674686431885,7.520513994329122,7.356407319472772,7.394259018524748,323464000
7.591983318328857,7.655235248420218,7.503580043298903,7.554878755504124,373732000
7.781987190246582,7.788212685003819,7.629833761503687,7.663700889959873,339216000
8.0339994430542,8.080815810300923,7.748369065529269,7.777006721824612,469060000
7.772026538848877,8.140581362852945,7.762314728379577,8.091772948717608,493060000
7.749614238739014,8.046947987527624,7.565087479531927,7.886577021639922,625852000
7.999138832092285,8.00461719330506,7.657477942460089,7.81112569304753,602312000
8.457590103149414,8.467301439832687,7.843248550692167,7.858936971441873,987660000
8.716075897216797,8.88167683840197,8.646598471953777,8.726285957195563,774460000
8.771109580993652,9.05200780138796,8.728526186700774,8.755918935665225,717320000
8.934969902038574,9.007684770981873,8.854037016069846,8.955887799957884,587536000
8.740978240966797,9.017144765603891,8.703375432354866,9.016149218326575,761068000
8.990999221801758,9.057489064070714,8.67922186989456,8.79078398433552,1038764000
8.683703422546387,9.145892022825116,8.638132428316577,9.12098908749337,770780000
8.49195671081543,8.599036016310325,7.965520111033462,8.59131672321985,1175892000
8.453855514526367,8.726286884278077,8.346525429928509,8.379396544831723,734896000
8.840836524963379,8.840836524963379,8.451861551510003,8.521090089361191,745256000
8.771857261657715,8.806222645268207,8.655563458390905,8.798752240118027,389876000
8.790783882141113,8.802737101399384,8.624187373025636,8.761897806387676,391320000
8.735252380371094,8.831624802406887,8.666023828096275,8.787796961741876,365440000
8.736247062683105,8.912386326144187,8.647553504406243,8.697879144021291,424280000
8.889217376708984,8.965951317079053,8.677949089907083,8.764150747814513,481748000
8.774616241455078,8.859073012868846,8.65577744970242,8.846616337617116,387736000
9.014781951904297,9.078312217954664,8.721049866135466,8.769631554767159,468488000
9.334425926208496,9.467216327764026,9.121911673712983,9.136113250908178,632180000
8.76589584350586,9.229290402084363,8.755681123434155,9.118424384663026,583652000
8.9016752243042,9.155546372764283,8.673216375848513,9.130882024444821,570908000
9.142093658447266,9.150564425960592,8.713577174373565,8.784831221668995,400004000
9.03720474243164,9.234771362037131,8.808247914587062,9.193165484284528,535716000
9.204126358032227,9.266908669502051,9.038947864267794,9.08229864167295,408304000
9.186189651489258,9.250466921441895,9.083046458766479,9.195158418164446,254408000
9.229287147521973,9.412403142172638,9.195405043236587,9.21060261776823,524160000
9.49386978149414,9.4983546383255,9.241244705467164,9.267902945373853,398468000
9.417388916015625,9.60922473407461,9.375036034949984,9.518040209035501,375108000
9.203627586364746,9.523519878138092,9.112941082565484,9.443546092407447,449372000
9.457250595092773,9.47219917351608,9.150562864873292,9.323464192064792,376072000
9.123408317565918,9.467218082457258,9.093512105518155,9.467218082457258,592084000
9.168251037597656,9.172735896063203,8.869286133575109,9.138105831903935,342248000
9.464973449707031,9.493374700558492,9.23452168587974,9.2818574207599,367892000
9.497110366821289,9.542703093000721,9.380514522786697,9.487892601594718,326648000
9.579080581665039,9.703898234807523,9.545197512773237,9.605737885584766,364056000
9.80529499053955,9.874555120077645,9.678982404276315,9.708131608857562,315892000
9.83768367767334,10.035249358720971,9.816756237339161,9.91192667092791,357800000
10.180745124816895,10.18971484215439,9.931109851071897,9.959262104406426,365480000
10.472733497619629,10.533522858711208,10.19818394553141,10.344427963094862,494548000
10.443086624145508,10.61847890023209,10.342933337817453,10.552208677085298,497676000
10.017561912536621,10.75500811512354,9.99040565708493,10.558439364814555,457076000
10.341190338134766,10.366851638295143,9.751731237272898,10.040232450582947,542676000
10.19195556640625,10.396995030671915,10.021047212531476,10.37831049776503,403984000
10.099777221679688,10.171528314447539,9.861352646599135,9.980440433918838,344964000
10.166296005249023,10.2131337464676,10.052939034613193,10.190213351910279,266284000
10.474479675292969,10.494909117056759,10.121701155338005,10.23879599441658,284852000
10.292858123779297,10.523559885167359,10.25125224063376,10.476721191189911,277036000
10.402727127075195,10.565911737188781,10.255985098028882,10.33172304210224,367292000
10.094794273376465,10.51060409801743,9.996633928572269,10.41393870623039,411660000
10.159317016601562,10.328979394077516,9.743258336277663,9.84091969584202,473292000
10.385536193847656,10.405715681180023,10.182488715413822,10.196939292576193,292132000
10.18024730682373,10.346172824798396,10.1740194451191,10.338450010177334,271636000
10.429384231567383,10.47995887667741,10.31129340937831,10.354892241369713,284508000
10.577371597290039,10.5863403635823,10.25972121762195,10.339196062638807,308880000
10.578117370605469,10.729344229172773,10.396994311073172,10.526794782802703,386080000
10.972253799438477,11.06044840939836,10.678271766238865,10.69546229744022,412720000
11.189002990722656,11.189002990722656,10.868363657948816,11.011866768848385,310336000
11.247801780700684,11.332508502653472,11.127717987110488,11.205199894465501,249924000
11.296381950378418,11.31880434287186,11.140173154557944,11.310582577201503,244316000
11.160850524902344,11.465047272124,10.999409884640297,11.273460477418752,342516000
11.126472473144531,11.368882974703345,10.819036736875272,11.295138922348446,427796000
10.812557220458984,11.098317491574115,10.758493721569288,11.035534226796273,354512000
11.400769233703613,11.427426529688978,10.920432302149997,10.952820408317251,464412000
11.403511047363281,11.681299523642465,11.316562382786438,11.506155291638954,374460000
11.524092674255371,11.664356876470226,11.401019002979302,11.490209613163513,366436000
12.294426918029785,12.366925960878032,11.77647084788185,11.81035296440147,621300000
12.218437194824219,12.452875803604645,12.0445398919427,12.407034073517147,503448000
12.096611976623535,12.272502269183928,12.05625109770303,12.254066733502945,622624000
12.099102020263672,12.332294707284191,11.837757080597434,11.933675460535376,921388000
12.639730453491211,12.764548088001417,12.153164638813207,12.159642451084375,999868000
12.67635440826416,12.867941232553465,12.464338144000836,12.839290026426893,490564000
12.705999374389648,12.717210094124312,12.530357162147993,12.587160613133165,289076000
12.728920936584473,12.82409136442748,12.633999509151844,12.755080235422875,321244000
12.584671974182129,12.805657007560127,12.523134653364204,12.737392873510554,317604000
13.102376937866211,13.10262593825955,12.59887058142453,12.631258689838903,537160000
13.328343391418457,13.528150979902662,12.99275552259069,13.13725461731576,500840000
13.777425765991211,13.949630647103293,13.39413750128578,13.437500302872197,511316000
14.30126953125,14.68032067693343,13.856176456399352,14.65739247517934,874012000
12.97446346282959,13.840723073185023,12.838144401724493,13.78514895398756,945128000
12.582704544067383,13.133462408954491,11.667847643821455,12.743445322871539,1463684000
11.875441551208496,12.510433341431117,11.667349913206706,11.69750413983094,795728000
12.674910545349121,12.768863107149748,12.193183586608452,12.360903188447526,736200000
12.272933006286621,13.024057300031474,12.12863879167486,12.94829670555492,698684000
12.126150131225586,12.61261156665799,11.858247209010582,12.446138237529997,636928000
12.831666946411133,13.273021054817024,12.591427528763537,13.039759537676474,1201744000
12.950041770935059,13.256821236776068,12.787306500721442,13.238130162189842,727556000
12.475043296813965,13.051470091595386,12.474296072141467,12.916397348697215,556384000
12.42420482635498,12.550057048769823,11.99680656074234,12.093999008494725,792512000
12.15081787109375,12.592670028470243,11.950950501914122,12.554042509577428,698460000
12.477785110473633,12.48301853522082,11.866966963073288,11.887402512276836,721044000
12.597905158996582,12.608122933885662,12.11717634274842,12.535353135164089,646452000
12.085526466369629,12.686875066180855,12.04116736498731,12.535852009546938,647012000
12.30907154083252,12.529873640281087,11.97612486694431,12.034191655174391,731240000
12.833162307739258,12.842881933702188,12.207142912715822,12.408256652197235,588016000
12.993905067443848,13.01060259520719,12.709803724531739,12.999138493220277,573808000
13.184050559997559,13.400366389247864,12.892473238294206,12.896709412588681,621460000
13.487841606140137,13.579551557205184,13.10879047677623,13.116017451742245,689184000
13.571577072143555,13.71935930583392,13.418311387565605,13.714624981038467,525004000
13.021065711975098,13.476873675005285,13.009850688146534,13.183302815178235,552496000
13.59949016571045,13.601234641002163,13.181063269309869,13.194271846804734,479820000
13.693192481994629,14.097414465703828,13.621918076224542,13.786397839796917,784420000
13.91997241973877,14.074733477000146,13.819789181395864,13.955610090837824,418084000
13.795121192932129,14.040096855843155,13.714626255915261,14.03062630403663,378900000
13.719359397888184,13.780666052397772,13.617681691548734,13.723596523541781,346892000
14.181146621704102,14.301765409334289,13.868635604663355,13.945392496427578,434744000
14.203328132629395,14.303262307853934,13.974551882634765,14.251426207794067,344604000
14.050811767578125,14.297530937265298,13.915988081551372,14.24544575809428,276100000
13.925956726074219,13.961593453432227,13.72434388516162,13.76720853862812,267224000
13.767956733703613,14.07697982965037,13.749016580868137,13.99249684204658,242392000
13.455194473266602,13.93941224406965,13.364480823563948,13.859166394923227,298068000
13.60247802734375,13.756241845405201,13.464414483515402,13.540673229981198,229212000
13.482110023498535,13.748019370402716,13.43500919480444,13.58204420681316,219596000
13.31887435913086,13.56883336243066,13.190031344799218,13.47986514532416,290480000
13.547403335571289,13.550394135898697,13.249346221187796,13.407595303610165,233484000
13.09981918334961,13.649580786393301,12.997393298631682,13.384668685989434,336896000
13.354511260986328,13.399618529477614,13.149907664797599,13.264046698468157,250520000
12.587190628051758,13.218195337375095,12.569247726617979,13.156390531397943,376520000
12.982939720153809,13.151157516010835,12.709803385953837,12.798024396978246,320080000
12.494482040405273,12.895712202598007,12.26121961191501,12.809485711152558,416820000
12.541085243225098,12.796277680058376,12.355920877552483,12.61784213912138,299652000
12.978453636169434,13.063683847406413,12.5630175556223,12.668434244784235,272900000
13.750761032104492,13.78390701250947,13.294952940813513,13.347038123353176,410228000
14.1153564453125,14.293791998345476,13.946889592613063,14.117849095729678,319028000
14.516088485717773,14.542753759132953,13.851191618571832,14.065263882570674,383348000
13.587777137756348,14.64518300443051,13.567840684489738,14.506621279357086,582976000
12.729738235473633,13.56360007172124,12.588434820948699,13.56360007172124,644068000
13.375697135925293,13.392643737566482,12.907427719129638,13.01259532860774,404744000
13.414323806762695,13.722598689302842,13.274017628340097,13.436503832434182,365812000
13.255075454711914,13.625653232231919,13.018075009985383,13.584283987458695,346312000
13.472638130187988,13.606464543099285,13.11452073690316,13.130968235107892,413776000
13.379932403564453,13.553383607027966,13.261806251274743,13.50977173125303,312028000
13.386411666870117,13.562853664158515,13.143430545915464,13.422796566288316,510924000
13.39787769317627,13.444978524071423,13.058700374675698,13.171094964124507,565936000
13.046488761901855,13.451956129803182,13.023809633893343,13.411584125731357,341088000
13.098573684692383,13.340308505174802,12.974465923751294,13.129725162390375,361356000
12.91689682006836,13.120502239825685,12.844376096717541,13.101063940439783,346500000
13.193022727966309,13.22766315151968,12.978950462304862,12.991410861654828,259916000
13.219439506530762,13.365229132389386,13.128975881494377,13.332831332124405,167276000
13.359248161315918,13.370214112302172,12.931351715293895,13.223179104994932,286952000
13.347785949707031,13.486098591334457,13.186545104830103,13.44971368699047,296948000
13.501798629760742,13.630391642696495,13.192526472963973,13.308410009830808,283360000
13.357710838317871,13.620956200375707,13.290902903796256,13.548663195020822,199520000
13.519497871398926,13.521242861894294,13.350481990906417,13.410060816255628,202244000
13.567855834960938,13.692000236508074,13.461411434532142,13.56237171598767,223244000
13.31184196472168,13.559880694269241,13.243537241523532,13.54616991993234,271920000
12.893791198730469,13.37565963790805,12.831469836351852,13.262484401385127,401300000
12.935172080993652,13.031396655684688,12.812772649418692,12.832217643916875,207764000
12.976054191589355,12.982785004370417,12.786347593211344,12.930185195475408,209264000
13.270709991455078,13.350481252818426,13.040121159359513,13.050591101752886,270156000
13.322311401367188,13.425514976759326,13.149058115081804,13.401334261222443,193016000
13.204649925231934,13.398843113626814,13.174734988056837,13.38413479354012,223116000
13.303118705749512,13.341259349880422,13.14083363133033,13.32854516787109,231384000
13.234064102172852,13.366683361556884,13.033140123420997,13.340757656203472,342064000
13.29414176940918,13.331784111169432,12.930434433910992,13.037378091812114,302332000
13.240296363830566,13.299127738654636,13.016687499991681,13.2811795382145,185580000
12.972066879272461,13.237057248843026,12.96782945257242,13.218111501054674,179144000
12.956610679626465,13.094964178276724,12.90176852813386,12.999986293991261,97884000
12.863126754760742,13.02516265137732,12.726768366040222,13.02516265137732,212564000
12.90625286102295,13.0351339391796,12.805541725669938,12.88805551350614,170372000
13.108177185058594,13.175982669365197,12.859889273960427,12.953121220539163,225396000
13.017684936523438,13.113410256321384,12.87808475898394,13.098952036695424,192424000
13.076016426086426,13.613476275130822,12.92544801691905,13.066793177906842,560640000
13.366436004638672,13.405074943901147,13.049594230220292,13.062307460654432,322760000
12.578445434570312,13.207143187349473,12.550027288519626,13.184707458538943,580424000
13.305858612060547,13.339512676724356,12.849666782088335,12.930434635384632,461480000
13.238800048828125,13.382637648539365,13.00472125127349,13.324305523719442,292528000
13.582566261291504,13.921096308910437,13.324306724946876,13.380395567585643,518344000
13.446207046508789,13.71518662773532,13.30685695821669,13.713191537825285,291476000
13.49307632446289,13.586060092178005,13.346746234378347,13.451445690559922,210028000
13.162520408630371,13.5608784418514,13.142827216100367,13.536199426324881,283120000
12.822745323181152,13.287163872887445,12.81177708254526,13.190191844917592,277780000
12.988018989562988,13.056571903627317,12.807286504960677,12.979043939237153,226188000
13.327548027038574,13.392112675663085,13.019431202517943,13.074273353645776,258572000
13.827865600585938,13.959239152398489,13.215121857477593,13.380148529992963,337780000
13.673303604125977,13.802184678912516,13.588297382902153,13.700725149865594,246820000
13.614225387573242,13.788974533130535,13.198666607439788,13.742358087685238,251112000
13.396846771240234,13.605747294414654,13.349232788850973,13.541680955138702,163980000
12.880826950073242,13.194926152460098,12.757180837312008,13.192183617318866,371272000
13.01369571685791,13.301621023796079,12.923454516478738,12.959102719549616,228316000
12.952620506286621,13.296634637804713,12.874594241549072,13.037626732062714,271552000
13.199167251586914,13.232820370910638,12.865872136369923,13.01594228284471,217204000
13.517999649047852,13.533205312866734,13.247524267996363,13.360451284245265,220440000
13.491828918457031,13.891931992598876,13.477868992687016,13.597026658810046,245408000
13.625194549560547,13.634417798850047,13.299627828583862,13.492325175349118,201340000
13.552152633666992,13.697985331998837,13.507032031988212,13.685770399260598,169152000
14.397480964660645,14.432380774378426,13.688014429574338,13.688014429574338,434624000
14.222481727600098,14.54156676786031,14.18184770115254,14.299759600879625,287560000
14.72204875946045,14.862396381578142,14.300507596143618,14.421909473206185,485352000
15.207157135009766,15.228596265602246,14.882338853622967,14.937431095439102,450828000
14.918488502502441,15.247545230196673,14.73277015205529,15.006984725766184,374756000
15.286432266235352,15.328562137060997,14.90726913449547,15.021192763254522,321960000
14.863395690917969,15.179988324043537,14.737755421903262,15.127637657234107,274756000
14.786615371704102,14.830738429748369,14.533340707240383,14.686900817071333,233868000
14.883834838867188,15.133618542959208,14.804312733125371,14.981554292445454,271724000
14.314719200134277,15.089997140840495,14.284056814366492,14.732521308254674,325884000
14.101579666137695,14.198053394853817,13.35122992204336,14.035019925437572,391780000
14.45755672454834,14.465285082228274,13.716680430519219,14.082382854481477,448320000
13.269464492797852,14.333664338191792,13.178475835369932,14.005355063249329,824436000
13.675299644470215,13.814898867470841,13.32280970449686,13.713190182892967,500932000
13.80218505859375,13.885197143475251,13.514509870770505,13.835339872663372,353184000
13.36793327331543,13.880713285181708,13.357712477796747,13.860271694144345,264116000
12.768150329589844,13.413051207077928,12.762166962212012,13.387873897050037,377592000
12.334893226623535,12.93791536777413,12.049212120822903,12.764162806346638,573344000
12.425881385803223,12.514128448535434,11.645866892554002,12.514128448535434,542840000
11.560115814208984,12.435605725883168,11.533441704942085,12.414416688354288,543112000
12.488773345947266,12.58503018119177,12.028931897775243,12.099753496667573,521824000
12.436905860900879,12.947368622318988,12.42618306838436,12.808219651582071,384376000
12.960833549499512,13.013451519761361,12.702484861457213,12.91744296360553,299916000
12.823678016662598,12.856345807578716,12.55834698640387,12.616450011981625,243964000
13.158085823059082,13.17354692311485,12.735152011430825,12.832406735192682,221988000
13.257835388183594,13.478528736507776,13.083773625331858,13.322920791007736,272128000
13.307711601257324,13.419429555313807,12.95684549924497,13.006969228103879,243864000
12.690515518188477,13.150855475897037,12.685029504987675,13.10347523322454,293896000
12.81345272064209,12.889012617997281,12.580789498998723,12.717943602495817,299208000
13.153095245361328,13.360821683311189,12.874297990958025,12.880283422515962,297804000
13.037890434265137,13.310951581234148,12.988514412800267,13.220928454072864,222048000
12.611213684082031,13.126166380625975,12.604979968071678,13.118186120651787,245840000
12.503735542297363,12.68278484979762,12.241147965554994,12.468075982521809,295144000
12.806971549987793,12.823929009605243,12.342392711032783,12.522937430864202,363968000
12.915696144104004,13.0296590866071,12.668070270981813,12.788017694881296,273520000
12.839388847351074,12.942629001970921,12.673058121314657,12.809713771579235,200204000
13.314691543579102,13.436633799038589,12.949860763887894,12.982777790954895,314776000
13.777027130126953,13.835130162239196,13.477281731340076,13.538129196852404,308276000
13.952333450317383,13.97876657407877,13.698472914587166,13.832635263043771,255672000
13.826650619506836,14.018916004314782,13.738872514596373,13.964553395548302,191744000
14.107942581176758,14.207690603431818,13.67702849951117,13.845852528976325,251284000
14.281007766723633,14.435119364750422,14.213177925757599,14.216919297413037,244416000
14.363797187805176,14.371777448243606,14.139363421566275,14.178264931921397,195172000
15.170762062072754,15.313901610057965,14.103701731984685,14.253823650541044,869324000
15.6400785446167,15.660527186575505,15.08772073364079,15.1932049428372,676212000
15.238594055175781,15.680978662596893,15.189218033930018,15.585718757163326,385500000
16.0966796875,16.17348576432492,15.592200556342737,15.623122755169474,598480000
15.872493743896484,16.125107153595632,15.825361792350446,16.012639621052436,335208000
15.323127746582031,15.767757295505456,15.194701596936312,15.497438724293298,404420000
15.133108139038086,15.458038566239265,14.925381656950178,15.284725469092292,334132000
15.321883201599121,15.323878028896175,15.064282220242037,15.08074025890028,216776000
14.812914848327637,15.399686073698188,14.746332141113498,15.336345317338932,277788000
15.2268705368042,15.296445004947893,14.862788442781444,14.896702404932322,227500000
15.4390869140625,15.440084803333924,15.08697469275611,15.146824267123838,197796000
15.343080520629883,15.631104301229037,15.31589873770508,15.539335580819824,164572000
15.238343238830566,15.493201692864114,15.177247490188085,15.325873065531082,209416000
15.286221504211426,15.397690199904106,15.033608086346442,15.36128198854834,173196000
14.97176742553711,15.326373960860678,14.959299039328798,15.136353548083626,201912000
14.799449920654297,15.208419014072376,14.75032408695121,15.086975219605257,203912000
14.315169334411621,14.600699789762439,13.975027035475872,14.600450555269253,405324000
14.422149658203125,14.776257644037008,14.351328061036348,14.672019599835691,292024000
14.48648738861084,14.53461628081526,14.182254838103722,14.45880713985873,193380000
14.775010108947754,14.933111336631207,14.634863276725753,14.771020454684466,229328000
14.229884147644043,14.768775720170076,14.21417381349999,14.750072669633822,268904000
14.270282745361328,14.318660873982997,13.715431575761658,13.790242830465013,285584000
13.723908424377441,14.224396914953214,13.674782598990006,13.974276811259632,303408000
13.630894660949707,14.045350711147945,13.425162994144586,13.998467988858465,285404000
14.207191467285156,14.291977805422704,13.713934538144024,13.85507926247416,258616000
14.129884719848633,14.13362513937637,13.818669829056002,14.121405991656692,216980000
13.980511665344238,14.368035115402556,13.968790986386999,14.231130241326667,186256000
14.030387878417969,14.04410338609354,13.509201440576488,13.532392615609274,344000000
14.575763702392578,14.646834538609415,14.234623498296415,14.266542637893258,321592000
14.954059600830078,15.183731096129877,14.832117340430838,15.125627113969413,672992000
15.572750091552734,15.705415135802376,15.137845424049145,15.174253635999285,554816000
15.608410835266113,15.77873122812608,15.443576455372922,15.72636344352039,435408000
15.660528182983398,15.754042484575189,15.547064658382558,15.69469233324552,370440000
15.44905948638916,15.710400841238286,15.421130006657025,15.66027712813999,581476000
16.203659057617188,16.236577036281336,15.46202947906416,15.46202947906416,644536000
16.223608016967773,16.347047573880385,15.863266335432474,16.229094980518518,472804000
16.736066818237305,16.876214600887355,16.194681963051526,16.211390186002433,594168000
16.927087783813477,17.215611938318762,16.541310797438655,16.658764943328784,580008000
17.534061431884766,17.61660182614419,17.05252506393666,17.06948062344339,617120000
17.5747013092041,17.767715323688513,17.14952444459165,17.527072794284408,575756000
17.413108825683594,17.577194510142903,17.207625490251473,17.483181755642672,323848000
17.318578720092773,17.53483445076462,17.216313965511866,17.475719983872768,381656000
17.385173797607422,17.452022006490658,17.136744250662534,17.310346354499423,287772000
17.78451156616211,17.898251342387297,17.403883229039902,17.439550960234815,416308000
17.97756576538086,17.9982683850617,17.62238044017172,17.865074363855577,321376000
17.747846603393555,17.97507688775737,17.687485674890738,17.874058585520746,243032000
17.769548416137695,17.913718927934667,17.544314342282547,17.75009415079846,307124000
18.614612579345703,18.79195600704923,17.71567253718677,17.7338803438254,809656000
18.596147537231445,19.330714616540423,18.54152223766029,18.74106585941373,968856000
18.385133743286133,18.494135068349298,17.78201553321056,18.39311488047978,672384000
18.84358024597168,18.920405816851837,18.34397521012506,18.42928050020568,580144000
19.01369285583496,19.108975530104733,18.864534651482277,18.96430647751163,332356000
19.161603927612305,19.375614096798248,19.044621470468723,19.183804200008918,320924000
18.987504959106445,19.30128697907614,18.851317522351227,19.236435003149623,278364000
19.9393253326416,20.03286106908621,19.274847095565143,19.317000214420624,495436000
19.980976104736328,20.05281013619522,19.61207025535372,19.83705494427208,367632000
19.956787109375,20.116421295455844,19.81835413049353,19.95354441508654,326568000
20.16580581665039,20.40924764246024,19.973246122217304,20.079004759784198,480136000
20.440181732177734,20.458391442310933,20.24138779766475,20.393539450291982,342764000
20.651193618774414,20.794365027841287,20.30374010137351,20.690104043459606,446708000
20.325191497802734,20.827291472702445,20.28553319651976,20.80584097500275,418428000
19.857263565063477,20.086986749821186,19.655725557948074,19.81111987540912,503300000
20.004423141479492,20.03435525988892,19.709100137865747,19.916874216592717,296624000
20.46562385559082,20.485825995284976,20.141615103636564,20.193745606159336,321984000
20.203716278076172,20.414483746196098,20.06802744154041,20.353871638255328,290708000
19.79615020751953,20.371083224348496,19.707604117466037,20.31122089134156,380100000
18.922901153564453,19.801638809987963,18.815397482477785,19.766469664881527,550564000
18.119491577148438,19.113215466883993,18.03169335944509,18.9870054099986,688224000
18.736825942993164,18.998475513326806,17.82466431995801,17.87430188517964,749060000
18.569461822509766,18.794945132479892,18.122485771322793,18.687192164183777,434687000
19.365638732910156,19.482371910572084,18.69916616251025,18.83884558672833,371017000
19.549217224121094,19.841546833620864,19.23194323043398,19.597107853695302,323826000
19.5133056640625,19.65498135662067,19.206008957458167,19.611081283394373,195672000
19.249902725219727,19.39756327254006,18.87077017833942,19.26686406834247,203943000
19.16410255432129,19.577155964444557,18.69816886887377,19.220971495871236,248863000
19.458425521850586,19.601098340577916,18.951587150781002,19.274846044574673,202191000
19.617063522338867,19.80762698019667,19.283825335460097,19.4743887933179,190781000
19.45443344116211,19.585132640892724,19.218972784196303,19.373617296753032,183497000
19.70486068725586,19.915378880901837,19.316749821197465,19.654975725192713,217444000
19.769718170166016,20.17578765961947,19.17607668002386,19.69488880322697,301811000
20.227664947509766,20.271565011875875,19.782683207905936,19.944313619581152,231309000
20.589832305908203,20.68561356328151,20.29550646605199,20.45314629356312,211435000
20.319454193115234,20.522988437706402,20.163810582897227,20.477094039344426,178497000
20.248615264892578,20.461127792585444,20.096962239032255,20.399269221353503,146443000
19.890432357788086,20.38330268581285,19.789661481757292,20.27554974338184,179238000
19.653974533081055,20.003174938775825,19.385590269145975,19.997188135018266,185925000
19.859514236450195,19.983229519570564,19.575165664140712,19.824594369885173,151652000
20.141860961914062,20.167802514416586,19.80563126679169,19.859508704764945,183063000
19.904407501220703,20.24063722279305,19.408541689128278,20.088984173742237,210876000
19.41352653503418,19.72481369476368,19.222963104205142,19.64000698314387,204585000
18.99648094177246,19.589123091355606,18.956571456849645,19.45542860045095,285913000
19.75275230407715,20.44815982346293,18.719118863786036,19.449446238959755,766555000
20.768428802490234,20.8173166087668,19.887447316911796,19.945313428755227,675741000
21.907812118530273,21.946722537110478,20.902116621288442,20.9230685315231,575807000
21.743192672729492,21.90881365504365,21.48578289478911,21.70328507988881,297299000
22.162227630615234,22.418640181507506,21.67235067381303,21.687315779720738,347701000
22.01756477355957,22.288942483035,21.74020025936337,22.149263059479914,237940000
22.584264755249023,22.670068642424027,22.116336798954833,22.133298143105087,304722000
22.63614845275879,22.990336677194776,22.499462421034632,22.777824123131097,262580000
22.337778091430664,22.64712359993544,22.073337729589888,22.64712359993544,259850000
22.393659591674805,22.649120064789688,22.309837159244136,22.43756739580158,201767000
22.3487548828125,22.545339807951134,22.24796811279879,22.47049726134416,187834000
22.794809341430664,22.93750730917341,22.153166206014838,22.27790249793311,280532000
22.61419105529785,22.85069057355953,22.474485116430305,22.784829827757243,198107000
22.2918758392334,22.5623040643883,21.930638074162353,22.46550856729171,254434000
22.13021469116211,22.490453174173346,22.08431220635336,22.264930118963175,196856000
22.430583953857422,22.578270564497437,22.223022541074023,22.30085711920523,248376000
22.105268478393555,22.91555575401909,21.811888077680894,22.63614575794394,297500000
22.195077896118164,22.362722745195637,22.039406863407024,22.228007318619177,199755000
22.29387092590332,22.31981705301157,21.919661994088578,22.261938841506673,166538000
22.195077896118164,22.23000390634264,21.8807419007731,22.136202349836225,156033000
21.85379981994629,22.273911214791905,21.78394779506993,22.252955607329,294503000
21.068466186523438,21.387790890372674,20.61841728966361,21.101395618736774,349440000
21.20117950439453,21.379800833477784,20.905804421130274,21.37181828897263,204688000
21.894718170166016,21.91367719365611,21.151288817679976,21.320930299925596,268726000
22.434572219848633,22.48745990832766,21.843820146489403,22.093292745342225,248555000
22.0344181060791,22.102275447550486,21.81488289522603,22.023441631035194,217655000
21.614303588867188,21.753010278654127,21.280011254389187,21.664197342175203,245215000
20.655330657958984,21.373812889724803,20.607431588731302,21.1692454550303,343069000
20.473716735839844,20.97266191637048,20.423821075791892,20.89582469355393,218394000
20.67229461669922,21.021556594892957,20.644353810709692,20.724184956869003,221009000
20.698246002197266,20.814997869776846,20.16038154346578,20.706228547845832,240978000
19.690370559692383,20.498661120907016,19.513743941588203,20.46074118521278,345635000
20.40785789489746,20.60444281688041,19.812117171843163,19.907915325430285,279282000
20.65633201599121,20.676288377439814,20.0376391312872,20.077555660834182,297202000
21.03053855895996,21.277017200986315,20.927755219886244,21.04750098845933,256919000
20.787052154541016,21.16126101595246,20.73117054152913,21.056482991555182,151258000
20.65134048461914,21.01856416379945,20.467728645028984,20.53159470850479,163388000
20.62738800048828,21.01257330069928,20.48469005107398,20.78405635189665,162134000
20.894824981689453,20.94571798280508,20.669301932615472,20.87386937593445,180652000
21.700122833251953,21.709102719216897,21.077438735594637,21.243088891444785,243589000
21.815881729125977,21.884736417584175,21.616304770157008,21.763991377195527,226994000
22.175121307373047,22.243975990824204,21.59833961734775,21.70311955926144,189494000
22.242979049682617,22.33179009685353,21.990512506917007,22.22900674096052,161473000
22.05636978149414,22.385673501988418,21.935624766758792,22.257943285656594,146276000
22.644132614135742,22.66309354022548,22.036417993365024,22.05038840066262,187590000
22.678056716918945,23.08120376239796,22.51340579315989,22.774852206054973,249384000
23.117130279541016,23.30573075031013,22.72196575698433,22.9245366329956,230235000
24.66485595703125,25.205714271899417,23.873529604420657,23.93839301304731,485898000
24.399425506591797,25.037077597437662,24.230781355468288,24.42237770814248,245990000
24.888385772705078,24.897367563338552,24.471268294233596,24.82551894824574,234204000
25.513063430786133,25.654764066294884,24.94726013432384,24.94825747657164,292503000
25.772518157958984,25.83937625950011,25.173783464529546,25.59489414765004,265740000
26.345308303833008,26.621724421153417,25.745576232060976,25.767531088653996,294112000
26.541889190673828,26.727497632609634,26.17965600054016,26.613737804003005,239910000
29.73813247680664,31.29883224397883,27.060791963689024,27.171557859265718,1153631000
29.689233779907227,31.333755849134143,29.34795432921145,30.123315538694854,851260000
30.739017486572266,31.034392580176473,29.84390851205834,30.085398573379145,503101000
30.592329025268555,32.24184382365619,29.900792011768303,32.21390301112386,646746000
29.39685821533203,30.784924757486024,28.717294974334806,29.294076749454003,636206000
30.32589340209961,30.525472274723953,29.714187526391587,30.403729885686676,332172000
30.32589340209961,30.615282577072385,29.567496350782378,29.94669582810359,413054000
29.96166229248047,30.57935600274197,29.185303594652737,30.487551019532958,384909000
30.139286041259766,30.325891839785264,29.643334719095915,29.696224316711493,264484000
29.19927215576172,30.444640534447622,28.739244216455628,30.353830996008032,428508000
31.60818099975586,32.690891284605854,31.254927669456258,32.29872256948904,781711000
32.9154167175293,33.018200072194944,31.837695120260975,32.17498143367427,533867000
31.88858985900879,34.573913319516286,31.832708231716126,33.446295929767324,754335000
31.679031372070312,32.29173644470543,30.814857092221995,31.46847603985242,532163000
32.605072021484375,32.78568994748824,30.862755024040684,31.39463157257882,435162000
31.436542510986328,32.640995088921485,31.283865396835044,32.53122653243234,283069000
33.30559158325195,33.34151493953768,31.968418209027394,32.29772388938831,454964000
32.6070671081543,33.2826408933307,31.796781690175454,33.099027131565556,622066000
31.372526168823242,33.222843560767245,31.317635170167748,33.152982981954075,484368000
32.062156677246094,32.413458348891545,30.963344820067583,31.151970308797033,472890000
30.632003784179688,32.06515080587632,30.070121019469727,31.936405556758363,544325000
29.977306365966797,30.18089951334633,27.982278547489575,29.820616888870113,658938000
32.362552642822266,32.38451208748878,30.590083198512986,30.89547671326527,593053000
31.762752532958984,32.22583112815729,31.358556702529327,31.935409065789486,475551000
30.429407119750977,32.1410009631348,30.367530057984055,31.670934405890446,488507000
30.137989044189453,31.242789511090688,29.801658853309153,31.088096849224158,488825000
28.105037689208984,30.233800311101657,28.060127037180234,30.18888965907291,598344000
28.280681610107422,28.62100349476861,27.195842071505684,27.643949113929793,667035000
30.398466110229492,30.439384993244534,27.782674736715105,28.343558104801343,698297000
28.330581665039062,31.0980712089087,28.037167251669285,31.090087687112458,707366000
27.745752334594727,28.86452488757024,27.70483344742643,27.929386691044225,713758000
27.66391372680664,28.08806836031616,27.09105503438404,27.250736913132904,461847000
29.0172176361084,29.062128280070525,27.34654282285214,28.31761057753916,524385000
29.341569900512695,29.49626253795648,28.39245970985011,28.833582616767877,395184000
29.581092834472656,29.999260737951445,29.37250856669955,29.695864054966595,343022000
30.88349723815918,31.025215214480056,29.58109059029503,29.60105129762086,403686000
30.261737823486328,31.26773392112932,29.952352554451778,31.24977004502104,420591000
29.941375732421875,30.48728951276,29.30763749732145,30.212836426014583,343139000
29.52720069885254,30.39646994729714,29.481292592153306,29.7677209545132,308864000
29.352550506591797,29.970321747102997,29.272709567584414,29.615028331207352,266530000
30.061138153076172,30.64996574600368,29.725805474067663,29.75574653768631,391547000
29.231792449951172,30.407450890043936,28.292662528832594,30.2168304824857,527154000
27.549142837524414,29.35754213554747,27.47828478816745,28.891469242287545,498064000
28.121997833251953,28.381481331155296,27.01121087291353,27.585066961351565,454186000
27.19285011291504,28.36551610574402,27.003227178529944,28.085074417160133,409939000
27.345544815063477,27.414407928007527,25.59303417452998,26.528172253329963,594681000
27.761716842651367,28.009225072030798,26.785661751752833,27.268699119824706,404089000
27.9433536529541,28.53816789323049,27.553130003657554,28.011217393989682,383413000
26.522186279296875,28.423399112253964,26.445337738615446,28.322600004609768,540171000
26.888452529907227,27.142946786412804,26.15790702100291,26.247728299351017,395832000
25.85152244567871,26.585062377950432,25.718787337317245,26.20781332431235,424270000
25.017179489135742,26.490245813728656,25.00220991034634,26.02716920354063,488315000
24.102006912231445,25.528167948115197,24.030149493539206,25.253714829631832,435181000
23.327545166015625,24.77366471205507,23.216765715499022,23.46028025235357,718958000
23.325546264648438,23.333529785410192,20.846484133705683,22.28561749490321,913982000
22.279630661010742,22.89740178998286,21.95627520194665,22.501189559876266,664616000
22.72674560546875,24.009191831407684,22.255683467670956,23.1938159816246,755959000
21.900388717651367,23.947313152254385,21.631922323422884,23.521161726766028,573353000
22.794607162475586,22.8125710384111,21.253675136018625,21.96825173742082,543774000
24.43733787536621,24.46029288211656,23.006187716140168,23.135928523427957,564680000
24.589035034179688,25.095027394146598,23.842520509649365,25.054108511883626,518925000
25.191837310791016,25.76569347477143,24.50420547493788,25.742740370347118,543419000
23.90041160583496,25.027167820359388,23.73274617856458,24.409398386052327,410178000
24.270668029785156,24.586039987928007,23.585033117362396,23.92435754479338,354829000
24.67885971069336,25.13195606384545,24.153904034057735,24.323566276250155,376868000
25.058101654052734,25.1798589396147,23.93234311537428,24.310589623943148,410359000
26.65192985534668,26.671890566783304,25.302617361297145,25.571081886954367,524282000
25.772680282592773,26.871492136649884,25.54912640450638,25.943341891805627,513200000
23.901405334472656,26.10002831228232,23.725756410566216,25.864497256375,605472000
24.218769073486328,24.825560463941507,23.70778564769813,23.88643073458428,440424000
26.44234275817871,26.492242623139074,24.734742881710144,24.8994139589256,699869000
26.45831871032715,26.529178674415665,25.501224739501303,26.20682056511897,732676000
24.458295822143555,25.733755858622583,24.11697644225443,25.579063213609647,810595000
23.595012664794922,24.9363413812796,23.054090050944854,24.61897260173139,761255000
23.34351921081543,24.016179637148703,22.954294820818493,22.9892251171742,633422000
22.342504501342773,24.10699211767521,22.25667689007346,23.7546930729614,566511000
23.700807571411133,23.75270428358142,20.8484871383466,20.97323874047372,735801000
24.10898780822754,24.168868025869422,23.334531028911424,23.673855434811756,528866000
24.336536407470703,24.615980608442836,23.659884397014633,23.944317823201498,477319000
23.430341720581055,24.328554607429982,23.086028049660978,24.24272507991095,412056000
24.175983428955078,24.364641033795944,23.372447983953073,23.712827876260754,389642000
23.670902252197266,24.28178949987807,23.426346683944526,24.217904733759312,365095000
22.89432144165039,23.636968924346505,22.441145979903247,23.34150728876282,431415000
21.31319236755371,22.99113883727511,21.291232991904245,22.775529905926497,450821000
21.474897384643555,22.332335371506858,20.612467419306096,21.270270056488087,557467000
22.972177505493164,23.17780252535281,22.206571146307404,22.34631612059236,492742000
22.616823196411133,22.746586101874037,21.842232493155823,22.49005319391326,428066000
22.059837341308594,23.10293830541665,22.005934624302842,22.980160740629042,367209000
21.29123878479004,22.22154435088089,21.120550000261794,21.829258865642,385354000
22.93124771118164,22.996130111197097,21.28324922029345,21.47889215070773,491996000
24.45148277282715,24.552299054127236,23.12988952261609,23.457292552284873,671422000
24.720996856689453,24.79685706155921,23.862559008695648,24.07617083617655,471941000
26.404926300048828,26.52071662131349,24.579251558233064,24.753932770637824,730719000
26.68541717529297,27.10265874201125,25.919810799916604,26.45883040449885,591727000
26.475797653198242,27.188500789536455,26.02461941553547,26.678427854459326,547007000
25.587413787841797,26.563635115721986,25.52852099865223,26.078518306597157,502120000
28.098844528198242,28.26853567485179,25.859920549926873,26.11845066352887,877379000
27.641679763793945,28.306469927765352,27.2214452432582,27.8353274863117,579016000
28.16771697998047,28.198660780217054,27.15655743522871,27.705559052925192,425494000
28.60392189025879,28.89339386605595,27.929149831104116,28.64285057154714,488984000
27.639680862426758,28.444215914701186,27.45302041414032,28.25256539037633,463487000
27.236412048339844,28.19666368490603,27.220442282936776,27.731510949600096,523440000
26.66345977783203,27.446035516360155,26.21926872094607,27.325255103953427,517235000
27.310283660888672,27.507923821490294,26.564641323340854,26.67943212378353,397120000
25.883878707885742,27.269356962615973,25.773080352887778,27.204474545611784,436615000
24.362646102905273,25.25402295327637,23.95938093983907,24.888688841537608,703833000
24.164003372192383,24.67706914237199,23.435330567050546,24.396579708521703,557992000
23.07698631286621,23.8795260910143,23.020090688541902,23.873536476701478,524781000
21.87717056274414,22.27943807836627,21.62063763333046,22.17363171495148,575207000
21.464923858642578,22.68370579670122,21.243327142631916,22.496047693822096,662258000
22.16265106201172,22.45911222680707,21.416011160562284,21.68851577144071,516943000
21.21936798095703,22.73560855917908,21.12454130662309,22.464101591348445,569097000
21.7434139251709,22.047858038582817,21.040692857198728,21.161473248993577,525701000
22.15765953063965,22.332340741600348,21.27526524698662,21.680527560297847,512781000
21.442960739135742,22.628801491972297,21.161473633865274,22.476079663374364,468974000
20.146320343017578,22.351305380675164,19.963652360371036,21.66954608901935,656209000
19.479536056518555,20.448772191837854,19.46456392428075,20.266104182229988,624713000
19.865835189819336,19.90875632059273,19.061300069268512,19.167106444428228,641566000
18.753854751586914,19.752037349254017,18.63606917460008,19.682164872038474,653143000
18.38153648376465,19.13216882446557,18.25676363846258,18.56420258895358,499460000
19.746047973632812,20.000585605277607,18.456396224687087,18.932528613649104,570327000
18.51329231262207,20.091418271941166,18.483346151251226,19.366737920929154,500435000
19.49750328063965,19.538427232283176,18.35757845927692,18.507305480868084,572049000
19.56637191772461,19.788968084316135,19.09822447980406,19.364739395345126,475751000
20.297046661376953,20.36292670436252,18.716923264105464,19.886794272202142,648855000
18.80975341796875,19.888788220846624,18.466378728953146,19.830894968407897,626331000
18.641061782836914,19.47654062399215,17.95730714361305,18.70195175204548,633297000
16.91919708251953,18.221823872571708,16.796419517005482,18.001226735376935,644455000
17.56302833557129,18.16493329466465,16.99406435818332,17.656857395875697,761474000
16.599775314331055,17.720735437950946,16.537889624665944,17.315473177135534,670167000
16.145605087280273,16.75749197618236,15.538711130202692,16.189525752393525,708728000
17.67382049560547,17.895417154710085,16.562844297235856,16.757489599664027,670437000
17.232624053955078,17.755671895048422,17.074912165379693,17.47717962452616,521446000
18.14396858215332,18.337616286711448,17.601956059390577,18.041155115290533,585830000
16.90721893310547,18.085074867941106,16.833354004544034,17.672825290748634,545161000
17.092880249023438,17.654856806883604,16.703587720835515,16.906219819291394,621310000
16.663660049438477,17.378358372785904,15.726366487747862,17.30050101581057,739105000
16.867290496826172,16.884259799237338,16.149597335733432,16.244423998494888,639889000
16.12464141845703,16.56683711237005,15.751321521154898,16.47999533080433,588550000
16.94415283203125,17.079905368342203,15.97092425449637,15.990888366746299,781132000
17.818557739257812,18.059118973315748,15.992881259502376,16.00685575522456,996575000
18.77681541442871,18.846687898146087,18.06710707974636,18.152951232834447,738379000
18.6380672454834,19.165107560608973,18.316651930915967,18.945506160051778,664100000
18.28670310974121,19.01837068481213,18.089063020279156,18.68997007377349,544514000
19.556394577026367,19.583345936482782,18.164928787379736,18.258757824402238,648656000
18.68598175048828,19.29687105430401,18.488341597340362,19.047325348696557,598779000
18.751859664916992,19.301858931419297,18.53026298173821,19.10421880079085,422406000
18.891603469848633,18.965468384281454,18.154943882331036,18.438428121556196,388914000
18.6180477142334,19.14919278784211,18.505228350019344,18.768804244012014,363252000
18.019010543823242,18.902589231705353,18.01202181811601,18.451315596651252,395574000
16.946735382080078,17.66857359163236,16.841902597628902,17.571729282063977,465248000
15.62186336517334,16.285795002818396,15.580928866159802,15.974295957431519,604153000
15.810563087463379,16.040193181616115,15.387243419466994,15.705731253766638,469680000
16.500452041625977,16.84090387526414,15.900416682083067,16.06914487895743,563936000
15.575939178466797,15.916391969438846,15.376260638736387,15.834522958828355,545749000
15.854491233825684,15.969306274754233,15.303377894797796,15.622863557257194,630334000
16.53938865661621,16.98067807199888,16.380643675300785,16.448535233491057,483089000
16.333721160888672,16.635236096967933,16.15400999438934,16.19993563125689,437135000
16.198936462402344,16.558356861748027,15.827533351841502,16.49246289970144,463680000
17.098485946655273,17.112463394239207,16.283796893806354,16.473492185505755,472153000
16.841903686523438,17.302163648044232,16.599293974290056,17.28419291089453,427968000
15.956327438354492,17.17436698853459,15.91938621875453,16.872852064808622,461149000
15.517032623291016,15.79458591282437,15.14563047564201,15.788595985603974,482352000
15.134650230407715,15.541994845285537,14.838127375234018,15.336325419135894,686070000
14.499670028686523,15.038802535047681,14.368880901155025,14.875066426306015,577610000
14.939963340759277,14.946952066314836,14.032424007393097,14.152231139263709,651397000
15.105698585510254,15.294395146665014,14.765245737410277,14.985891441568391,529066000
15.832526206970215,15.91938634734984,15.36427972508815,15.431172487703748,492903000
15.812561988830566,16.011242721672684,15.364282795138564,15.40521730834069,467972000
15.127662658691406,15.502060318211557,15.013845450277405,15.501061520744424,437321000
15.057774543762207,15.40621394491729,14.853103898095975,15.243475654572288,458483000
15.139643669128418,15.35030521006558,14.441766972739467,14.566566202089593,521918000
15.347307205200195,15.448144798089075,14.704341629701336,15.083731337790685,456235000
15.73668098449707,15.75664836262336,15.420189805163654,15.633846749612045,385935000
16.075138092041016,16.86985906904583,15.976298082766748,16.275815455198785,670517000
16.964706420898438,17.08251690860308,16.146023887163786,16.459518688005346,702366000
17.778396606445312,17.90419557403467,16.774013886344825,16.919779281556753,760538000
18.02100372314453,18.114852584461335,17.51681579289386,17.856269769328147,557049000
17.29118537902832,17.938143482148746,17.109476564713013,17.86426292263888,536671000
16.996654510498047,17.096494261320483,16.622256873127547,16.991661475600253,480748000
16.506444931030273,16.89182460135965,16.451532969702946,16.86187210310339,397865000
17.761423110961914,17.907188485590435,16.885831113737122,17.004639434525583,569776000
17.955110549926758,18.11086009552277,17.411985687188125,17.946126134465974,474646000
18.133821487426758,18.214690737393028,17.663577472387534,17.784383376939545,435460000
18.411378860473633,18.815729008879483,17.96110307249906,18.15279410603998,476469000
18.49624252319336,18.90758142194784,18.062939600781153,18.09289210018399,489527000
18.862651824951172,18.937532114170036,18.10786566973609,18.154791057227346,418146000
19.184131622314453,19.243036855177056,18.729862647284317,18.818720371263073,409652000
18.958498001098633,19.198112256942917,18.636016886602366,18.779784678395007,386068000
17.764419555664062,18.209704226677722,17.214305900483794,17.47388850828178,981859000
17.05855369567871,17.418973850532034,16.697135695647425,17.224287400886112,668263000
18.067930221557617,18.08889639705217,17.289182479721063,17.6695709828763,597422000
17.913177490234375,18.67694989267418,17.84728352756443,18.101874963139256,509327000
18.67894744873047,18.687933769017686,17.92416129028976,18.130829518331936,478094000
19.00143051147461,19.133218463446653,18.58310478628588,18.670962786172225,457666000
18.848676681518555,19.111254744277208,18.471283557711025,18.88961119385509,451240000
18.3055477142334,18.657981332845214,18.115854280880267,18.49324736132435,446799000
18.74284553527832,18.83469681060988,18.1537931034188,18.2716035897907,415447000
17.82033348083496,18.490255309098075,17.741459891222686,18.3764380856611,441588000
17.00663948059082,17.529797971537494,16.93874791361986,17.461906404566534,409593000
17.15340232849121,17.436946542201706,16.94274081093071,16.961711297149357,369986000
17.194339752197266,17.378044243797792,16.86786528424407,16.98467604437704,522661000
17.88422393798828,17.918169715102525,16.805958969898168,16.816940979132873,770691000
16.233882904052734,17.895209693014834,16.210919131366463,17.82831787419481,769127000
15.775618553161621,16.311755674946216,15.741673723289146,15.994267589292031,496132000
15.443156242370605,16.013238268713422,15.157615354356478,15.934365635672885,530181000
15.06975269317627,15.515036332831574,14.934969330165726,15.35928679586059,573710000
13.9146146774292,14.356902971270143,13.248686195036969,14.186177151435565,1178865000
13.625080108642578,14.148237660215658,13.569169349058186,14.07735255557611,743157000
13.44336986541748,13.75686558272209,13.329552676036796,13.708942355163417,535751000
13.696040153503418,13.819878314045399,13.328522048866603,13.545237877389667,512657000
13.971678733825684,13.989655763301307,13.35149264648823,13.441373984164738,624873000
14.368158340454102,14.455044295388618,14.107500475650557,14.138459061636421,486612000
14.486001968383789,14.527946775374877,14.179403906328334,14.350180416481628,484159000
13.113802909851074,13.903767364016517,13.081845229225642,13.783924633033108,714956000
13.110807418823242,13.272594961389391,12.896088837173366,13.23664185667735,588507000
12.912066459655762,13.215668204044421,12.773248572458732,12.997954265186072,523625000
13.18071460723877,13.194696210561576,12.600475212066435,12.725311500263086,670751000
13.364474296569824,13.445368542937578,12.99296174366855,12.994958979609367,569685000
13.158742904663086,13.465340983740958,13.039899278256767,13.197692336478172,524818000
13.243633270263672,14.012625346801554,13.092830994775037,13.195696747526322,807679000
12.544549942016602,13.131780192367279,12.41172469834498,13.052883178633808,759162000
12.49960708618164,12.594482927543599,12.24094648413454,12.403733103156807,663309000
12.21198558807373,12.64242184812588,12.198003983784714,12.474641644232314,547343000
12.396746635437012,12.719323656408026,12.241949857730562,12.490623415528036,553854000
12.719320297241211,12.806206250600736,12.337820615857858,12.393747031367376,542414000
12.203997611999512,12.48363067238174,11.930356260034026,12.43169872306821,532763000
12.123101234436035,12.616454666511402,12.059184927057526,12.071169294217576,565638000
12.495613098144531,12.661396053420196,12.089145605693762,12.33082923699565,547478000
13.14975643157959,13.202687472797923,12.862133487134708,12.862133487134708,584182000
13.19170093536377,13.303554723315088,12.6044716440018,12.894091817678392,507131000
13.11280632019043,13.638117543681016,13.08584125012535,13.202688617173399,644157000
12.060186386108398,12.653408390945094,12.006257199525558,12.48862450071268,672478000
11.654716491699219,12.108121431783047,11.3930595354897,12.02123547777354,698699000
11.57082748413086,11.830486265809176,11.268223841612809,11.545859652529316,667482000
11.484940528869629,11.719632448977713,11.330143771029212,11.563837549253588,492590000
11.944334983825684,12.062180459420011,10.798836997287173,10.956630043298636,850103000
11.212296485900879,12.095138555665246,11.18932684468692,12.041209377307327,713432000
11.872429847717285,11.932351684916148,11.501916408490736,11.502914550195962,580774000
11.95132827758789,12.475640367724393,11.602785343462813,12.327834421594872,659362000
12.03521728515625,12.333826444729338,11.818501467347717,11.863442610170829,523131000
12.17802906036377,12.752275759292546,12.08914492779996,12.097134823090324,652398000
12.449674606323242,12.481633241323104,11.87143332263106,12.082156494590066,609494000
12.582499504089355,12.693354192196825,12.048200327410264,12.49161907984014,517457000
13.243633270263672,13.282582706939756,12.647414970734918,12.677376368924335,505482000
12.879109382629395,13.370464612662587,12.691355889781176,12.852145271597061,532953000
13.158742904663086,13.81987653199885,13.104813728048203,13.612148768785806,583113000
13.815881729125977,13.83186152118797,13.043894336346346,13.086838241715473,521040000
13.479324340820312,13.819878330285551,13.2795864472885,13.759956486013305,486341000
13.525261878967285,13.906761512770693,13.501293146045306,13.792910507603896,432817000
13.201687812805176,14.191390140892414,13.1936988689507,13.83186195195651,672628000
13.403422355651855,13.762951481566452,12.939032155387688,13.025918106836965,500065000
14.13746166229248,14.21036601692471,13.679062174776115,13.967684215423516,612576000
14.282271385192871,14.393126083132001,13.93572663883021,14.209367030009965,410061000
14.582876205444336,14.871497264348415,14.197381111718515,14.781614983674388,595292000
13.757957458496094,14.192388153732095,13.740979525460897,14.143451590437952,454414000
15.729374885559082,15.752344530142832,14.527950182868413,14.780619130566006,700819000
16.305622100830078,16.367541196163586,15.461729177310234,15.78630345192753,655487000
16.273658752441406,16.518338717650273,15.901147120330615,16.196759933471668,527852000
16.644168853759766,16.975732779257577,16.360540481395887,16.700095253124452,545876000
15.88916015625,16.340567769425284,15.852208917805163,16.140830882057173,649547000
15.656469345092773,16.244698687867267,15.514655111106975,15.694419686718572,710894000
15.388821601867676,15.981045452536414,15.100199550162154,15.945091392326727,492072000
15.296939849853516,15.456730146887825,15.060249781863105,15.127162421148238,404739000
16.01699447631836,16.036968738657247,15.102193833582675,15.307924354517073,472866000
16.497364044189453,16.50535489230616,16.026982150723164,16.07691590341239,427241000
16.24869155883789,16.465406408074,16.15082033660223,16.296629028257563,167934000
15.80627155303955,16.335578114870664,15.704405855375358,16.00501033484104,303741000
15.618518829345703,15.9111353323506,15.499675191959904,15.806272346937764,298384000
16.905160903930664,16.912153494374177,15.580558497425681,15.68045251052316,565298000
17.1169376373291,17.24679976152075,16.617464704481463,16.98108131969133,470977000
16.85821533203125,16.915156377505824,16.427669768578063,16.64144495412788,371389000
16.592491149902344,16.977085530136808,16.454636135070988,16.66141865731802,352255000
15.970147132873535,16.555528867031303,15.802324015737545,16.512574928841648,352694000
16.103010177612305,16.16894059762961,15.650486623430005,15.7553764476407,372388000
17.150901794433594,17.16089148149892,15.942176334261013,16.255846411030678,515456000
16.983078002929688,17.564465224613613,16.957106340396344,17.141910790847255,465338000
17.516515731811523,17.5195128285567,16.779294713991607,17.01904149488724,457328000
18.052947998046875,18.77019145416807,17.6923285233029,18.51146372895853,656589000
17.65536880493164,18.232760529632582,17.401636847702704,17.9680385827717,496888000
16.934127807617188,17.30173986952119,16.68239457922902,17.127923524585228,478542000
16.55353355407715,17.023039400348072,16.39270394689365,16.846225910038616,478232000
16.236865997314453,16.591491326415667,16.127981643599433,16.554531578863497,354039000
16.06804656982422,16.292809815920624,15.835293287085545,16.04706879387778,403260000
16.483604431152344,16.609472961104036,16.0850248812042,16.097013267551,325025000
15.322831153869629,16.120989680017022,14.866313091281313,16.077035434762546,565045000
15.189972877502441,15.322832113426353,14.86731337215991,15.179983189076383,349326000
14.106114387512207,15.084082448789612,14.04118237491811,15.05810983428577,464902000
14.02120590209961,14.246967523902235,13.869365687694097,13.912320585471353,351066000
14.587605476379395,14.667521065652995,14.212002397327266,14.38681810611413,354923000
14.598596572875977,14.613580152560912,14.217997644037638,14.31889101828184,310490000
14.299908638000488,14.98019143326443,14.081139646053048,14.83534383569061,401277000
14.733451843261719,14.837342302451898,14.225987933937839,14.5516444923479,431324000
14.249963760375977,14.548648374304229,14.133086509590795,14.475725368544696,389168000
14.843337059020996,14.994177909991919,14.019206897315305,14.458742666001996,405044000
15.611525535583496,16.03907384357529,15.125038456294371,15.267888310654865,504231000
15.892229080200195,15.945172704430046,15.455689492558554,15.490652443025239,384101000
15.984130859375,16.01110282220087,15.546592882587277,15.823301290137104,353285000
16.493595123291016,16.619461755576417,15.47566921706697,16.083029067309738,551409000
16.881187438964844,16.904163911762296,16.147961873227626,16.260841726815173,447287000
17.683338165283203,17.709311731541334,16.881185193204846,16.881185193204846,511102000
17.358684539794922,17.85416011409162,17.263783455353824,17.64837787383118,439624000
16.74732780456543,17.17887355641003,16.713365152180454,17.018042058487556,452932000
17.820199966430664,17.83718224808323,16.807268694087977,16.993071584238688,564967000
19.172767639160156,19.224712866778543,17.799217156484602,18.044956208931275,655163000
19.24468994140625,19.47444892004992,18.80015937186395,18.807151961874666,496204000
19.302631378173828,19.349582719059857,18.560414551747876,18.893063715882672,449537000
19.781124114990234,20.14474069411191,19.257676365647274,19.680230760238217,489535000
20.343534469604492,20.60625774772897,19.384547252061992,19.441486379785015,542142000
19.141801834106445,20.118769651142287,19.12981344690093,19.92897130354372,488611000
19.516408920288086,19.66625044123853,18.93002771708951,19.149795154127606,498017000
20.920921325683594,21.16965745715704,19.590324874698545,19.670240457303972,660477000
21.686115264892578,21.925862042165335,20.67818002215878,20.97786301741522,564276000
21.0777530670166,21.72207345237521,20.76708015455863,20.97785812345644,429366000
21.0667724609375,21.547264471015012,20.764090426847382,20.784069803716758,452197000
22.14962387084961,22.235533645141338,21.127701678917113,21.35945743743857,664150000
22.18159294128418,22.85388384635013,21.984800102114296,22.36340029679166,559651000
22.313451766967773,22.99573229825379,22.09668147789324,22.58216918763524,523876000
21.24258041381836,22.05472302081003,20.789060483609514,21.667133493771495,550737000
21.765029907226562,22.024756028474826,20.939900511928794,21.515293472026823,474919000
22.946788787841797,23.024705690240783,21.343479041145304,21.55525548230403,675474000
22.74000358581543,22.830907263123883,22.082698167631655,22.52523007264076,420575000
21.978805541992188,22.526226251527607,21.903883847439104,22.109666050196253,412026000
21.36545753479004,21.717085810366772,20.95289273010995,21.608201443264356,465888000
20.633224487304688,21.471338740374534,20.596262840309503,20.97786007402784,410015000
20.732120513916016,21.08175191942392,20.399471384893207,20.6851710833237,513184000
23.639057159423828,23.86282198809331,23.00073074104482,23.415294236092592,1117995000
23.261449813842773,23.449253244039845,22.922808411961658,23.200515205899624,589716000
23.476224899291992,23.854825071141974,23.429275467548678,23.6450473658971,452994000
23.191524505615234,23.799883635514494,23.181534819315353,23.347360182285275,455963000
22.674072265625,23.23148459935281,22.484272025585433,23.167550984389926,460026000
23.289424896240234,23.355355313247546,22.40835460483908,22.464297239112163,389415000
23.86481285095215,23.874802536880523,23.10561386843544,23.29541409039906,412393000
23.529172897338867,24.22243969976959,23.462242179784383,23.865817563448918,437429000
23.26740264892578,24.10366224367853,23.220443334628193,23.579126969767078,515154000
24.15961456298828,24.178598765957478,23.40328406914848,23.46622807879238,513573000
23.41527557373047,24.43237497116827,23.362321040860543,24.153620465460254,501257000
22.94468879699707,23.60610394776299,22.705899859992172,23.388296345871805,474866000
22.945688247680664,23.277395355394315,22.2772811984554,22.73187871576052,421890000
24.04171371459961,24.197575854977504,23.439246485119973,23.475215844075734,474910000
24.206573486328125,24.26452084975583,23.339341111840906,23.73998553895474,524486000
25.51841163635254,25.565369047622582,23.872866995148154,24.005750694887265,583253000
25.70224952697754,26.37565323674263,25.645298824126904,25.95902220904214,848547000
25.877092361450195,26.000983238469185,25.107772930663263,25.59234458217973,432747000
26.17582893371582,26.36865903671038,25.358553488198883,26.156846636843376,547408000
26.444591522216797,27.56460037448036,26.213794924295495,26.40162837848802,797295000
27.166948318481445,27.47467644266125,26.66639202441552,27.091015330476242,564889000
26.755313873291016,27.142971183393072,26.331689105706722,27.007091792651533,454920000
26.507535934448242,26.97612101034624,26.341682380127203,26.81326506197413,361026000
26.386640548706055,26.489550086858387,25.827136394951317,26.42360847823861,356104000
26.960132598876953,27.054049321086534,26.57347575940691,26.801274739572264,393694000
27.358779907226562,27.474678436555607,27.078028306822056,27.204916786801245,364516000
27.752431869506836,27.809380660660256,27.08102536446216,27.115994254760153,433933000
27.940265655517578,27.97523454624746,27.311822283407086,27.48466960367856,398716000
27.428720474243164,27.975237607444253,27.282849683904686,27.941267279686127,368592000
26.857223510742188,26.97411869458037,26.371653330557585,26.80526946048249,515015000
27.013086318969727,27.056047553520614,26.403625256641565,26.560485977879456,397654000
27.55460548400879,27.59656814998943,26.645410576438564,26.79927368503425,395279000
27.144968032836914,27.76541901115848,27.1020048950003,27.699477407319026,314378000
26.47156524658203,27.44370417314176,26.42460593521108,27.345791283837347,446259000
26.439594268798828,26.863219050562652,26.305713912619126,26.710354492654048,353615000
26.734336853027344,26.859226313339907,26.196812509125003,26.48056175933283,395660000
26.978118896484375,26.982115069024893,26.409621904454085,26.541505126599592,321471000
27.642532348632812,28.085141371824708,27.332807032476975,27.508651980444906,604812000
27.906291961669922,27.975231168116007,27.207910892432235,27.33679648922481,358660000
27.080026626586914,28.00520817494305,26.976118523026464,27.64652455149464,427713000
27.09501075744629,27.158955227215888,26.6983625730689,26.928158664013214,345103000
27.018081665039062,27.341794498427166,26.647409518060194,26.989107985798988,339282000
26.217790603637695,27.2229013742331,26.201805913337573,27.054050219721624,378527000
26.932157516479492,27.305827272348722,26.68138006807285,26.978118263771744,406337000
27.201919555664062,27.47068264242289,26.601451283130864,27.338799421481617,377161000
27.724456787109375,27.733447698531908,27.047055069952613,27.200920093090993,292216000
28.884429931640625,29.03229974718171,27.755430216862095,27.81537661530885,570329000
28.18505096435547,28.810498704607454,28.058164377201287,28.654636529358847,402730000
27.77741241455078,28.341913271435864,27.447704337345524,27.815378914693316,383387000
27.53762435913086,27.834360670007325,27.215908633799796,27.62654444288627,321850000
28.654632568359375,28.72956508673925,27.7064725625765,27.801387848122303,361494000
29.125215530395508,29.194154745050692,28.32492531170623,28.49677215933893,344979000
28.54572868347168,28.94737354959499,28.42483732148799,28.873439595641816,314869000
28.859451293945312,29.087250267045963,28.435826537614037,28.97934408614239,369350000
28.55272102355957,28.92439362497088,28.221015861335896,28.87044053584294,322149000
28.3149356842041,28.754547072904792,28.02119507868358,28.503767705541893,274222000
28.927387237548828,28.943373830938018,28.127097114749542,28.48278119029114,293926000
29.18716049194336,29.84358087051638,28.806498873165175,28.815489784527685,449405000
30.151308059692383,30.17228939441913,29.403970448812785,29.557833570142268,432535000
31.649980545043945,31.799847490043984,30.293181883981152,30.383102432113493,748725000
31.236347198486328,31.552067683944458,30.888655428377344,31.508105976511025,473908000
31.148426055908203,31.49212165768894,30.652864468171376,30.87366776329227,372000000
30.660856246948242,31.260325929202107,30.603907456096916,30.972580557946717,356253000
30.510986328125,30.579925534957418,29.779633501418378,30.183275454027516,721419000
37.946407318115234,39.44508061098546,36.60259571255149,38.488926318360186,1543911000
38.91155242919922,39.13535333136667,37.51678724611189,37.856486677468894,714397000
40.07552719116211,41.90091111611417,39.91367170883157,40.55910031587385,923401000
37.80052947998047,40.259350872876006,37.788539059197795,39.45306558470878,1002580000
39.73482894897461,40.01458010495206,38.30609329724924,38.45495978773049,635873000
39.292213439941406,40.46417621230153,39.02345037446548,40.061532803064914,482731000
39.136356353759766,39.53000507242546,38.6727660406919,38.87458704490847,396094000
38.619815826416016,39.12536886577813,38.114262787053896,38.79566268178252,388729000
37.44572448730469,39.46814549212033,37.32681796379226,38.88460205575025,511998000
38.479923248291016,38.83364687712899,37.47571086548645,37.694537790431326,417772000
38.739715576171875,39.67997860030122,38.53687503234718,39.00650530356787,427717000
39.4511604309082,39.499123275212575,38.58783685686491,39.16938300880245,388701000
40.989959716796875,41.06890039349555,39.70896332197463,40.154614126267326,613208000
42.963417053222656,42.966413063285984,40.52032331528582,40.79211402973289,740465000
42.619686126708984,43.2551909701653,42.11408081517457,42.56872727104233,568622000
42.65864944458008,43.68684489706271,42.627671619358104,43.41605669949975,655709000
43.77377700805664,43.9556378533534,42.6406639871136,42.964412198119035,451153000
43.01137924194336,43.58093756834967,42.04713658375585,43.46702437838124,551603000
42.99139404296875,43.392077979853475,42.201011539171446,42.21999389255843,417737000
42.176029205322266,42.77555900672088,41.98218049927132,42.43083108618956,358140000
40.60026550292969,42.730600334546075,40.06867951218722,42.42783558135576,594322000
41.84328842163086,41.907237605323324,40.416406298926006,40.76713004512084,462175000
41.08488845825195,41.81232053515092,40.48635724932419,40.62824464055819,582639000
40.79011154174805,41.56750370507978,40.56828482936424,41.52553669526217,380514000
42.268959045410156,42.516766447959405,41.46858596097829,41.64744701058792,501148000
42.37986755371094,42.86448930889797,42.169033838728204,42.483786406248804,198209000
42.28395080566406,43.143275924330226,42.05212974638505,42.102089932908285,323618000
42.07011413574219,42.14605498586675,41.31370545626282,41.81131756799603,303582000
42.46979904174805,43.18024602401447,42.14705329030634,42.288940665727566,355881000
42.14705276489258,42.7775603980854,41.61646549525351,42.6236813610569,353908000
42.37187957763672,42.72460451753315,42.03414612426581,42.44782043348418,298244000
43.867698669433594,43.9006738309938,42.743577660758895,42.99937815979302,481277000
45.941097259521484,46.11895584841678,44.45725630198698,44.48323697410953,478204000
45.4334831237793,48.05043674269067,45.024802222527654,46.546611323884825,772075000
46.424705505371094,46.45967801263674,45.22664460524396,46.252842790646994,510488000
47.456905364990234,47.858591818877,45.698281650417556,46.664525451589654,569164000
47.04022979736328,47.78065216165784,46.70549236660369,47.42692856470666,427502000
45.48444747924805,47.05022493000669,45.02680501298147,46.47067610405814,537865000
44.27438735961914,45.83017417101583,44.06555098011311,45.7522321711593,963769000
44.577152252197266,45.07376568294936,44.005600454709025,44.6960587806985,382516000
45.64331817626953,46.14692227530892,44.887908215993086,44.90589571026622,348081000
45.416500091552734,46.01703242805517,44.5951435044959,45.98505592696078,364237000
45.8641471862793,47.35797831429428,45.71426283263286,46.48266314205839,455976000
46.71348571777344,46.99026979268205,46.344774445154044,46.63154903236518,331194000
46.692501068115234,47.09318883138378,46.469675675562414,46.717483065836525,251055000
46.47066879272461,46.86336333707945,45.99104422518508,46.42370462471362,237858000
44.23442459106445,45.80419670368741,43.353113509905164,45.79520486142881,530142000
44.480220794677734,45.08275032434069,43.76577925606382,43.76577925606382,324176000
44.64510726928711,45.60635397871658,44.358332653398875,44.949869383179944,362666000
45.38153076171875,45.50443580088547,44.52819761374418,45.07576998074253,322154000
44.629112243652344,45.206659855456344,44.02158547433781,44.81796378324031,353843000
42.5207633972168,44.27738970488,42.10108946258739,44.23941737277786,586449000
42.35489273071289,43.53996721168232,41.80232325660613,42.12707017302428,492705000
40.823089599609375,41.985183246912044,40.607258703595875,41.71838968414298,533085000
43.71883010864258,43.76579428902089,40.27952055656301,40.4543831306118,690286000
43.90568161010742,45.2326473732039,43.67586169687328,44.52520013627042,676512000
43.452030181884766,44.640100549597996,43.372090845714155,44.48522285041412,527451000
43.310142517089844,44.02758013920778,42.96740814260929,43.93565295261865,452395000
43.26517868041992,43.543960081000186,41.62745897404412,42.601695871064955,583768000
46.93031311035156,47.028236135596124,44.187458298338946,44.45924519865085,692573000
45.632328033447266,48.14936145105243,45.29759061646536,48.09740011660735,755293000
47.07919692993164,47.163130948235896,45.1726863999926,45.830173355093386,779046000
47.12615966796875,50.22673658703904,47.12216498787686,50.17677640386691,1156044000
45.9820556640625,47.767658540303835,44.98882881073535,46.975278705672146,925341000
46.79841613769531,46.94330333520207,44.852938347469795,46.44569122659898,685192000
48.74589157104492,49.04266044648469,46.35475936686293,46.62954606851407,701397000
49.22551727294922,49.88799757012422,48.38717195801793,49.005687906612565,735206000
49.31645584106445,49.705151991202584,48.91976651789359,49.341437842045146,528570000
48.471107482910156,49.76109942188399,48.10439357486219,49.72313090360501,463830000
48.510074615478516,48.81283931445095,47.82261235583893,48.18532774328471,382653000
47.02811050415039,48.51506952348067,46.547447675154636,48.40714710751364,468670000
46.20869445800781,46.31162313659779,45.120454595762936,45.49319509398626,433330000
45.540157318115234,46.57343525598355,45.23936893896436,45.909901542782364,473069000
45.14643478393555,46.130743345970416,44.28103874415618,46.11575443664463,473966000
44.83863830566406,45.64107847418229,44.49987453878437,44.70673059385498,349256000
45.45322036743164,45.897909142211645,44.471904231366715,44.568836579722586,398355000
45.54915237426758,45.95486692026357,45.099466041293624,45.917894023696675,370097000
43.86931610107422,45.567126025554394,43.7773775410098,45.30930694300869,506831000
43.935279846191406,44.211087976394666,41.97065391873253,42.71813237686466,500271000
43.489593505859375,43.9352810366056,42.97195387152737,43.80237454169073,373064000
42.2094841003418,43.872322851544475,42.19349643912847,43.5695331686225,367108000
40.98833465576172,42.07057801307491,40.951361762571175,41.55394101252563,450736000
41.58092498779297,42.08557317870962,41.202188203522006,41.54294952811981,479236000
42.192501068115234,42.506280863755784,41.14822919128449,41.56194140759635,419091000
41.881710052490234,42.79007519984935,41.62588843808872,41.97164730902177,402282000
42.43832015991211,42.84204096958368,41.59990959746065,42.3004199239516,444935000
43.05889129638672,43.41564027932202,42.085572876608914,42.43032920794071,424663000
43.46860122680664,44.11315092531868,43.27673406437453,43.796371119268684,397830000
44.75070571899414,45.14342881532186,43.83034792394179,43.9992285379224,433298000
43.48659133911133,45.09846705093091,43.215780788420936,44.77668963515232,470850000
44.010223388671875,44.112153297816725,43.26174626009731,43.71143255099348,361821000
44.65677261352539,44.868626271295504,43.85733240049327,44.01921794767318,393483000
45.73002243041992,45.75700398969615,43.99523549081201,44.16211860779347,434436000
45.24135971069336,45.57312842393476,44.3369933910708,44.81066115962172,409675000
45.76599884033203,46.22667525132618,45.05649586993077,45.27834086872442,368582000
46.77330017089844,46.826264546891885,46.01782780881721,46.163725718878894,378137000
46.91219711303711,47.57573461020595,46.297628975923374,46.744315234099965,481325000
45.42923355102539,47.0830797443062,45.24836026520754,46.92718670300792,474115000
46.06278991699219,46.192696327999904,44.880614130194836,45.0315095868921,375099000
43.90730285644531,44.722734656513275,42.450321291409665,43.96925981519668,812333000
42.16651153564453,43.18879926057118,41.79577241593963,42.5612359572998,627294000
42.07158279418945,43.26674621056965,41.85273405618411,42.78108575212414,501233000
41.35808181762695,42.4403252529677,41.049295810508625,41.860728698935155,477266000
42.944969177246094,43.217781037891605,40.91638888400306,41.20019083203981,478530000
43.632484436035156,43.66646107168209,42.6611674055464,43.04689542430625,401463000
41.74980545043945,43.61950024898592,41.525962950621626,43.36767362465919,398379000
40.297821044921875,42.22647269652664,39.852133556535904,41.8237544285133,541001000
40.471702575683594,41.177210573030834,39.987040836148445,41.1012634608965,416784000
41.13223648071289,41.73681325645553,40.45271135167305,41.05829069172662,388028000
40.751502990722656,40.85043664876845,39.20258684468398,40.42173556666503,517969000
42.29542922973633,42.35138985981638,40.840445223590976,40.8554341335007,437593000
43.47560119628906,43.85333542629518,42.864029312260996,43.297724168934685,409172000
44.973548889160156,45.27733347769254,43.6924433329055,43.98923665598296,424610000
45.719032287597656,45.90290564428218,44.86762640814462,45.25335828782106,400733000
45.922889709472656,46.18570260804149,45.12644574728523,45.687054558944546,343165000
46.54145431518555,46.834248828049994,45.93587499644732,46.06778272127609,346719000
46.91719436645508,48.19629874432979,46.71733335440422,47.43383140399592,540496000
48.30122375488281,48.43812905946533,47.24996072733801,47.466808147596865,421245000
48.586021423339844,49.081676995363466,48.06538560948801,48.28623183718149,384136000
49.621299743652344,49.799176764113575,49.00573287416369,49.645285046741414,416954000
48.85383987426758,49.92508940872805,48.1663208904743,49.90010916476034,475497000
49.4454231262207,49.49039366266599,48.29622902861317,48.644984172997816,339756000
49.26355743408203,49.68226341163358,48.9727603803161,49.489397461523026,325205000
50.37377166748047,50.51267446523686,49.14662922458695,49.27753819263548,414120000
49.909095764160156,50.481693358553215,49.18760022799973,50.09096777649301,565747000
48.68195724487305,50.29982538193606,47.6566732297451,49.81716500278888,899420000
47.74261474609375,48.886815068886136,47.711634365879085,48.43613001762004,294645000
48.208290100097656,48.49608705256933,47.6187022270162,47.766597618423056,395662000
47.7875862121582,48.28923817471284,47.439829789625705,48.20229716306376,401491000
48.106361389160156,48.727928411184934,47.826558260033494,48.345196613263326,382005000
46.7373161315918,48.07637985053357,46.389559751727184,47.99043760178817,526247000
46.732322692871094,47.16702011217605,46.15472745047927,46.4924925258304,369317000
45.47819900512695,46.044804165615915,44.97854837139348,46.044804165615915,437543000
46.53755187988281,46.57152769132749,45.24334109197845,45.43822164958941,371718000
45.47520065307617,47.358052404807324,45.3842566412969,47.18615659482553,380590000
46.56753921508789,46.600520003716504,45.57614456238809,45.67208659528923,350823000
47.47697830200195,47.71183534651791,46.52156105756746,46.566535548739374,359224000
46.598514556884766,47.50196163403656,45.802004370558734,47.461988967358906,509728000
47.62788772583008,47.63688109924922,46.017871828359986,46.017871828359986,372387000
48.05862808227539,48.56431952524785,47.578921733918634,47.59990881517736,447792000
48.320465087890625,48.640269318911756,47.3930343428762,48.36044156986005,391232000
48.86013412475586,49.37382007835511,48.09060403450958,48.16456014183968,479948000
50.046409606933594,50.402191134156865,49.11997773498407,49.36982501987744,412587000
49.57369613647461,49.66963815936467,48.865129643017234,49.39380579664743,464444000
48.08161163330078,49.96845884341608,48.06861908632006,49.62466720561467,397894000
48.9600715637207,49.06500695718709,48.389417453965386,48.781180068606574,300425000
48.800167083740234,49.352826795671184,48.437386098484225,49.16494193668389,252507000
49.24889373779297,49.56969677808233,48.930088377699356,48.93808291084912,244200000
49.38681411743164,49.64965395545636,49.05501618312312,49.480758467753716,233648000
49.49174499511719,49.85352335128604,49.38181158719183,49.61267326878179,246587000
49.49174499511719,49.96645709185245,48.721216111915,49.782567581126976,389293000
